B2,donated,donation_amount,n_negative,n_neutral,n_positive,has_negative,has_positive,positive_rate,negative_rate,dominant_sentiment,n_messages,positive_rate_group,sentiment_combo
20180527-123001_539_live,0,0.0,0,8,2,0,1,20.0,0.0,neutral,10,0-25%,Только позитивный
20180527-210026_713_live,0,0.0,1,4,5,1,1,50.0,10.0,positive,10,25-50%,Позитивный + Негативный
20180528-051652_449_live,0,0.0,1,2,7,1,1,70.0,10.0,positive,10,50-75%,Позитивный + Негативный
20180717-200206_41_live,1,0.5,4,4,2,1,1,20.0,40.0,neutral,10,0-25%,Позитивный + Негативный
20180719-120436_413_live,0,0.0,2,4,4,1,1,40.0,20.0,neutral,10,25-50%,Позитивный + Негативный
20180719-122534_38_live,1,0.5,0,9,2,0,1,18.181818181818183,0.0,neutral,11,0-25%,Только позитивный
20180719-165941_192_live,0,0.0,1,3,6,1,1,60.0,10.0,positive,10,50-75%,Позитивный + Негативный
20180719-175233_833_live,1,0.05,1,5,4,1,1,40.0,10.0,neutral,10,25-50%,Позитивный + Негативный
20180719-181845_211_live,0,0.0,1,5,4,1,1,40.0,10.0,neutral,10,25-50%,Позитивный + Негативный
20180719-182453_233_live,0,0.0,1,5,4,1,1,40.0,10.0,neutral,10,25-50%,Позитивный + Негативный
20180719-200311_664_live,0,0.0,1,6,3,1,1,30.0,10.0,neutral,10,25-50%,Позитивный + Негативный
20180719-202443_897_live,1,1.0,0,2,8,0,1,80.0,0.0,positive,10,75-100%,Только позитивный
20180719-204358_391_live,0,0.0,2,3,5,1,1,50.0,20.0,positive,10,25-50%,Позитивный + Негативный
20180719-210146_172_live,0,0.0,0,2,8,0,1,80.0,0.0,positive,10,75-100%,Только позитивный
20180719-210149_80_live,0,0.0,0,8,2,0,1,20.0,0.0,neutral,10,0-25%,Только позитивный
20180719-211253_768_live,1,0.5,0,8,3,0,1,27.27272727272727,0.0,neutral,11,25-50%,Только позитивный
20180719-211301_463_live,0,0.0,1,4,5,1,1,50.0,10.0,positive,10,25-50%,Позитивный + Негативный
20180719-211846_176_live,0,0.0,2,3,5,1,1,50.0,20.0,positive,10,25-50%,Позитивный + Негативный
20180719-212219_934_live,1,0.5,0,8,3,0,1,27.27272727272727,0.0,neutral,11,25-50%,Только позитивный
20180719-213345_510_live,0,0.0,0,4,6,0,1,60.0,0.0,positive,10,50-75%,Только позитивный
20180723-025150_733_live,1,0.2,0,6,4,0,1,40.0,0.0,neutral,10,25-50%,Только позитивный
20180723-031022_254_live,1,1.0,0,5,5,0,1,50.0,0.0,neutral,10,25-50%,Только позитивный
20180723-034109_263_live,1,1.0,0,6,5,0,1,45.45454545454545,0.0,neutral,11,25-50%,Только позитивный
20180723-034654_121_live,0,0.0,1,5,4,1,1,40.0,10.0,neutral,10,25-50%,Позитивный + Негативный
20180723-040634_575_live,1,1.25,0,2,8,0,1,80.0,0.0,positive,10,75-100%,Только позитивный
20180723-041117_988_live,1,0.1,1,4,5,1,1,50.0,10.0,positive,10,25-50%,Позитивный + Негативный
20180723-042226_724_live,1,0.5,1,4,6,1,1,54.54545454545454,9.090909090909092,positive,11,50-75%,Позитивный + Негативный
20180723-042342_809_live,0,0.0,9,0,1,1,1,10.0,90.0,negative,10,0-25%,Позитивный + Негативный
20180723-042344_940_live,0,0.0,0,4,6,0,1,60.0,0.0,positive,10,50-75%,Только позитивный
20180723-042421_113_live,0,0.0,1,4,5,1,1,50.0,10.0,positive,10,25-50%,Позитивный + Негативный
20180723-044617_32_live,1,0.5,0,4,6,0,1,60.0,0.0,positive,10,50-75%,Только позитивный
20180723-052203_936_live,1,0.5,1,1,8,1,1,80.0,10.0,positive,10,75-100%,Позитивный + Негативный
20180723-055038_776_live,1,0.5,1,6,4,1,1,36.36363636363637,9.090909090909092,neutral,11,25-50%,Позитивный + Негативный
20180723-060959_447_live,0,0.0,0,2,8,0,1,80.0,0.0,positive,10,75-100%,Только позитивный
20180723-061928_535_live,1,100.0,0,4,6,0,1,60.0,0.0,positive,10,50-75%,Только позитивный
20180723-062856_180_live,1,0.1,2,5,3,1,1,30.0,20.0,neutral,10,25-50%,Позитивный + Негативный
20180723-064603_378_live,0,0.0,2,5,3,1,1,30.0,20.0,neutral,10,25-50%,Позитивный + Негативный
20180723-064816_188_live,0,0.0,4,6,0,1,0,0.0,40.0,neutral,10,,Только негативный
20180723-070336_48_live,0,0.0,2,5,3,1,1,30.0,20.0,neutral,10,25-50%,Позитивный + Негативный
20180723-072435_196_live,1,0.01,2,3,5,1,1,50.0,20.0,positive,10,25-50%,Позитивный + Негативный
20180723-073352_280_live,1,0.05,2,5,3,1,1,30.0,20.0,neutral,10,25-50%,Позитивный + Негативный
20180723-073908_711_live,1,0.5,1,4,5,1,1,50.0,10.0,positive,10,25-50%,Позитивный + Негативный
20180723-074147_879_live,0,0.0,2,2,6,1,1,60.0,20.0,positive,10,50-75%,Позитивный + Негативный
20180723-075339_567_live,0,0.0,0,2,8,0,1,80.0,0.0,positive,10,75-100%,Только позитивный
20180723-080158_200_live,0,0.0,1,6,3,1,1,30.0,10.0,neutral,10,25-50%,Позитивный + Негативный
20180723-080248_452_live,1,0.01,2,3,5,1,1,50.0,20.0,positive,10,25-50%,Позитивный + Негативный
20180723-082451_335_live,0,0.0,2,4,4,1,1,40.0,20.0,neutral,10,25-50%,Позитивный + Негативный
20180723-085449_363_live,1,700.0,0,6,5,0,1,45.45454545454545,0.0,neutral,11,25-50%,Только позитивный
20180723-091102_738_live,0,0.0,1,5,4,1,1,40.0,10.0,neutral,10,25-50%,Позитивный + Негативный
20180723-091419_371_live,1,0.25,0,3,7,0,1,70.0,0.0,positive,10,50-75%,Только позитивный
20180723-091508_49_live,0,0.0,0,1,9,0,1,90.0,0.0,positive,10,75-100%,Только позитивный
20180723-093434_153_live,0,0.0,2,3,5,1,1,50.0,20.0,positive,10,25-50%,Позитивный + Негативный
20180723-093509_578_live,1,1.0,0,6,4,0,1,40.0,0.0,neutral,10,25-50%,Только позитивный
20180723-094026_937_live,0,0.0,0,5,5,0,1,50.0,0.0,neutral,10,25-50%,Только позитивный
20180723-094242_630_live,1,1.0,0,7,3,0,1,30.0,0.0,neutral,10,25-50%,Только позитивный
20180723-100140_767_live,0,0.0,1,4,5,1,1,50.0,10.0,positive,10,25-50%,Позитивный + Негативный
20180723-100855_385_live,0,0.0,1,2,7,1,1,70.0,10.0,positive,10,50-75%,Позитивный + Негативный
20180723-101530_805_live,1,0.5,1,5,4,1,1,40.0,10.0,neutral,10,25-50%,Позитивный + Негативный
20180723-103902_895_live,0,0.0,0,5,5,0,1,50.0,0.0,neutral,10,25-50%,Только позитивный
20180723-105210_403_live,0,0.0,1,5,4,1,1,40.0,10.0,neutral,10,25-50%,Позитивный + Негативный
20180723-112016_503_live,1,0.01,0,7,3,0,1,30.0,0.0,neutral,10,25-50%,Только позитивный
20180723-113128_856_live,1,2.0,0,3,7,0,1,70.0,0.0,positive,10,50-75%,Только позитивный
20180723-113700_19_live,1,1.0,1,4,5,1,1,50.0,10.0,positive,10,25-50%,Позитивный + Негативный
20180723-114415_254_live,1,0.1,0,3,7,0,1,70.0,0.0,positive,10,50-75%,Только позитивный
20180723-120745_544_live,0,0.0,4,5,1,1,1,10.0,40.0,neutral,10,0-25%,Позитивный + Негативный
20180723-120746_371_live,0,0.0,0,7,3,0,1,30.0,0.0,neutral,10,25-50%,Только позитивный
20180723-121545_265_live,0,0.0,0,5,5,0,1,50.0,0.0,neutral,10,25-50%,Только позитивный
20180723-122005_335_live,0,0.0,1,5,4,1,1,40.0,10.0,neutral,10,25-50%,Позитивный + Негативный
20180807-012950_732_live,0,0.0,0,6,4,0,1,40.0,0.0,neutral,10,25-50%,Только позитивный
20180807-032253_379_live,1,0.5,0,4,7,0,1,63.63636363636363,0.0,positive,11,50-75%,Только позитивный
20180807-033103_193_live,1,100.0,0,2,8,0,1,80.0,0.0,positive,10,75-100%,Только позитивный
20180807-033356_731_live,1,10.0,0,5,5,0,1,50.0,0.0,neutral,10,25-50%,Только позитивный
20180807-034050_594_live,1,0.5,0,6,4,0,1,40.0,0.0,neutral,10,25-50%,Только позитивный
20180807-034917_827_live,0,0.0,2,4,4,1,1,40.0,20.0,neutral,10,25-50%,Позитивный + Негативный
20180807-035644_415_live,1,0.2,0,3,7,0,1,70.0,0.0,positive,10,50-75%,Только позитивный
20180807-045213_750_live,0,0.0,5,6,0,1,0,0.0,45.45454545454545,neutral,11,,Только негативный
20180807-045406_433_live,0,0.0,0,5,5,0,1,50.0,0.0,neutral,10,25-50%,Только позитивный
20180807-052301_924_live,1,2.0,1,4,5,1,1,50.0,10.0,positive,10,25-50%,Позитивный + Негативный
20180807-052510_771_live,0,0.0,0,6,4,0,1,40.0,0.0,neutral,10,25-50%,Только позитивный
20180807-052536_131_live,0,0.0,4,6,0,1,0,0.0,40.0,neutral,10,,Только негативный
20180807-054926_223_live,0,0.0,0,8,2,0,1,20.0,0.0,neutral,10,0-25%,Только позитивный
20180807-060826_638_live,0,0.0,2,2,6,1,1,60.0,20.0,positive,10,50-75%,Позитивный + Негативный
20180807-070049_381_live,1,0.1,1,3,6,1,1,60.0,10.0,positive,10,50-75%,Позитивный + Негативный
20180807-070744_909_live,1,1.0,0,5,5,0,1,50.0,0.0,neutral,10,25-50%,Только позитивный
20180807-081912_387_live,0,0.0,0,8,2,0,1,20.0,0.0,neutral,10,0-25%,Только позитивный
20180807-094907_712_live,0,0.0,1,3,6,1,1,60.0,10.0,positive,10,50-75%,Позитивный + Негативный
20180807-101812_237_live,1,1.0,1,6,3,1,1,30.0,10.0,neutral,10,25-50%,Позитивный + Негативный
20180807-103432_350_live,0,0.0,9,3,0,1,0,0.0,75.0,negative,12,,Только негативный
20180807-110023_918_live,1,0.01,2,8,3,1,1,23.076923076923077,15.384615384615385,neutral,13,0-25%,Позитивный + Негативный
20180807-114219_318_live,0,0.0,1,9,1,1,1,9.090909090909092,9.090909090909092,neutral,11,0-25%,Позитивный + Негативный
20180807-114503_772_live,0,0.0,2,4,4,1,1,40.0,20.0,neutral,10,25-50%,Позитивный + Негативный
20180807-114750_102_live,0,0.0,0,7,3,0,1,30.0,0.0,neutral,10,25-50%,Только позитивный
20180807-120710_327_live,0,0.0,0,10,1,0,1,9.090909090909092,0.0,neutral,11,0-25%,Только позитивный
20180807-120949_23_live,1,0.75,0,8,2,0,1,20.0,0.0,neutral,10,0-25%,Только позитивный
20180807-193534_716_live,1,0.5,1,3,6,1,1,60.0,10.0,positive,10,50-75%,Позитивный + Негативный
20180807-200337_482_live,0,0.0,1,7,3,1,1,27.27272727272727,9.090909090909092,neutral,11,25-50%,Позитивный + Негативный
20180807-203024_672_live,1,1.0,0,4,6,0,1,60.0,0.0,positive,10,50-75%,Только позитивный
20180807-204441_24_live,1,0.5,0,5,5,0,1,50.0,0.0,neutral,10,25-50%,Только позитивный
20180807-210436_738_live,0,0.0,0,7,3,0,1,30.0,0.0,neutral,10,25-50%,Только позитивный
20180807-210743_128_live,0,0.0,0,5,5,0,1,50.0,0.0,neutral,10,25-50%,Только позитивный
20180807-212225_748_live,1,0.25,0,5,5,0,1,50.0,0.0,neutral,10,25-50%,Только позитивный
20180807-213738_534_live,0,0.0,2,5,3,1,1,30.0,20.0,neutral,10,25-50%,Позитивный + Негативный
20180807-224801_326_live,1,2.0,0,1,9,0,1,90.0,0.0,positive,10,75-100%,Только позитивный
20180807-230112_344_live,0,0.0,0,4,6,0,1,60.0,0.0,positive,10,50-75%,Только позитивный
20180807-232845_932_live,0,0.0,0,0,10,0,1,100.0,0.0,positive,10,75-100%,Только позитивный
20180808-001810_178_live,0,0.0,2,3,5,1,1,50.0,20.0,positive,10,25-50%,Позитивный + Негативный
20180808-004203_194_live,0,0.0,0,8,2,0,1,20.0,0.0,neutral,10,0-25%,Только позитивный
20180808-005248_38_live,0,0.0,2,11,0,1,0,0.0,15.384615384615385,neutral,13,,Только негативный
20180808-011341_389_live,1,0.5,1,1,13,1,1,86.66666666666667,6.666666666666667,positive,15,75-100%,Позитивный + Негативный
20180808-011921_673_live,1,1.0,0,1,9,0,1,90.0,0.0,positive,10,75-100%,Только позитивный
20180808-013755_350_live,1,2.0,1,8,2,1,1,18.181818181818183,9.090909090909092,neutral,11,0-25%,Позитивный + Негативный
20180808-015530_429_live,1,0.6,2,4,4,1,1,40.0,20.0,neutral,10,25-50%,Позитивный + Негативный
20180808-015735_783_live,1,2.0,3,7,2,1,1,16.666666666666664,25.0,neutral,12,0-25%,Позитивный + Негативный
20180808-020257_457_live,1,1.0,1,3,6,1,1,60.0,10.0,positive,10,50-75%,Позитивный + Негативный
20180808-021732_428_live,0,0.0,1,3,6,1,1,60.0,10.0,positive,10,50-75%,Позитивный + Негативный
20180808-022005_838_live,0,0.0,4,3,3,1,1,30.0,40.0,negative,10,25-50%,Позитивный + Негативный
20180808-022730_384_live,0,0.0,2,2,6,1,1,60.0,20.0,positive,10,50-75%,Позитивный + Негативный
20180808-024552_152_live,0,0.0,5,5,0,1,0,0.0,50.0,neutral,10,,Только негативный
20180808-030338_328_live,0,0.0,0,6,4,0,1,40.0,0.0,neutral,10,25-50%,Только позитивный
20180808-030454_242_live,1,0.25,0,5,5,0,1,50.0,0.0,neutral,10,25-50%,Только позитивный
20180808-032041_562_live,0,0.0,0,3,7,0,1,70.0,0.0,positive,10,50-75%,Только позитивный
20180808-032124_114_live,0,0.0,0,9,1,0,1,10.0,0.0,neutral,10,0-25%,Только позитивный
20180808-032354_369_live,0,0.0,1,8,1,1,1,10.0,10.0,neutral,10,0-25%,Позитивный + Негативный
20180808-032545_201_live,0,0.0,2,5,3,1,1,30.0,20.0,neutral,10,25-50%,Позитивный + Негативный
20180808-033451_555_live,1,0.5,0,3,7,0,1,70.0,0.0,positive,10,50-75%,Только позитивный
20180808-034352_717_live,1,0.1,1,3,6,1,1,60.0,10.0,positive,10,50-75%,Позитивный + Негативный
20180808-034448_815_live,0,0.0,1,7,2,1,1,20.0,10.0,neutral,10,0-25%,Позитивный + Негативный
20180808-035431_488_live,1,0.1,0,4,6,0,1,60.0,0.0,positive,10,50-75%,Только позитивный
20180808-035715_390_live,0,0.0,0,5,5,0,1,50.0,0.0,neutral,10,25-50%,Только позитивный
20180808-040435_931_live,0,0.0,1,10,0,1,0,0.0,9.090909090909092,neutral,11,,Только негативный
20180808-042339_620_live,0,0.0,1,4,5,1,1,50.0,10.0,positive,10,25-50%,Позитивный + Негативный
20180808-043445_804_live,1,0.5,1,7,3,1,1,27.27272727272727,9.090909090909092,neutral,11,25-50%,Позитивный + Негативный
20180808-045404_162_live,0,0.0,0,2,8,0,1,80.0,0.0,positive,10,75-100%,Только позитивный
20180808-050533_601_live,0,0.0,3,6,1,1,1,10.0,30.0,neutral,10,0-25%,Позитивный + Негативный
20180808-052501_689_live,1,10.0,1,2,7,1,1,70.0,10.0,positive,10,50-75%,Позитивный + Негативный
20180808-061420_905_live,0,0.0,1,2,7,1,1,70.0,10.0,positive,10,50-75%,Позитивный + Негативный
20180808-062753_12_live,0,0.0,0,8,2,0,1,20.0,0.0,neutral,10,0-25%,Только позитивный
20180808-063034_444_live,0,0.0,2,7,1,1,1,10.0,20.0,neutral,10,0-25%,Позитивный + Негативный
20180808-064212_144_live,0,0.0,2,5,3,1,1,30.0,20.0,neutral,10,25-50%,Позитивный + Негативный
20180808-064649_236_live,0,0.0,0,3,7,0,1,70.0,0.0,positive,10,50-75%,Только позитивный
20180808-065307_529_live,0,0.0,1,5,4,1,1,40.0,10.0,neutral,10,25-50%,Позитивный + Негативный
20180808-070517_921_live,1,2.0,0,1,9,0,1,90.0,0.0,positive,10,75-100%,Только позитивный
20180808-073516_16_live,0,0.0,1,3,6,1,1,60.0,10.0,positive,10,50-75%,Позитивный + Негативный
20180808-073746_228_live,1,0.5,1,6,3,1,1,30.0,10.0,neutral,10,25-50%,Позитивный + Негативный
20180808-074917_388_live,0,0.0,1,8,2,1,1,18.181818181818183,9.090909090909092,neutral,11,0-25%,Позитивный + Негативный
20180808-075748_956_live,0,0.0,0,6,4,0,1,40.0,0.0,neutral,10,25-50%,Только позитивный
20180808-075816_12_live,0,0.0,0,5,5,0,1,50.0,0.0,neutral,10,25-50%,Только позитивный
20180808-081317_142_live,0,0.0,0,7,3,0,1,30.0,0.0,neutral,10,25-50%,Только позитивный
20180823-020508_596_live,0,0.0,0,6,4,0,1,40.0,0.0,neutral,10,25-50%,Только позитивный
20180823-020542_443_live,0,0.0,0,5,5,0,1,50.0,0.0,neutral,10,25-50%,Только позитивный
20180823-021414_711_live,1,0.2,0,2,8,0,1,80.0,0.0,positive,10,75-100%,Только позитивный
20180823-021454_370_live,0,0.0,2,5,3,1,1,30.0,20.0,neutral,10,25-50%,Позитивный + Негативный
20180823-022522_183_live,1,0.3,1,2,7,1,1,70.0,10.0,positive,10,50-75%,Позитивный + Негативный
20180823-023349_326_live,1,0.2,4,5,1,1,1,10.0,40.0,neutral,10,0-25%,Позитивный + Негативный
20180824-015242_301_live,0,0.0,3,5,2,1,1,20.0,30.0,neutral,10,0-25%,Позитивный + Негативный
20180824-015542_821_live,0,0.0,0,5,5,0,1,50.0,0.0,neutral,10,25-50%,Только позитивный
20180824-020237_732_live,0,0.0,0,9,1,0,1,10.0,0.0,neutral,10,0-25%,Только позитивный
20180824-020419_695_live,1,0.85,2,5,3,1,1,30.0,20.0,neutral,10,25-50%,Позитивный + Негативный
20180824-022557_24_live,0,0.0,2,3,5,1,1,50.0,20.0,positive,10,25-50%,Позитивный + Негативный
20180824-022709_450_live,0,0.0,0,2,8,0,1,80.0,0.0,positive,10,75-100%,Только позитивный
20180824-023730_85_live,0,0.0,0,5,5,0,1,50.0,0.0,neutral,10,25-50%,Только позитивный
20180824-024455_408_live,0,0.0,0,3,7,0,1,70.0,0.0,positive,10,50-75%,Только позитивный
20180824-025834_522_live,0,0.0,0,6,4,0,1,40.0,0.0,neutral,10,25-50%,Только позитивный
20180824-031232_169_live,1,0.02,0,3,7,0,1,70.0,0.0,positive,10,50-75%,Только позитивный
20180824-120314_637_live,1,0.15,0,7,3,0,1,30.0,0.0,neutral,10,25-50%,Только позитивный
20180824-120504_474_live,0,0.0,1,4,5,1,1,50.0,10.0,positive,10,25-50%,Позитивный + Негативный
20180824-121026_498_live,0,0.0,2,4,4,1,1,40.0,20.0,neutral,10,25-50%,Позитивный + Негативный
20180824-121207_770_live,0,0.0,4,5,1,1,1,10.0,40.0,neutral,10,0-25%,Позитивный + Негативный
20180824-121457_149_live,0,0.0,2,8,0,1,0,0.0,20.0,neutral,10,,Только негативный
20180824-121720_619_live,1,0.15,0,4,6,0,1,60.0,0.0,positive,10,50-75%,Только позитивный
20180824-121933_745_live,0,0.0,2,6,2,1,1,20.0,20.0,neutral,10,0-25%,Позитивный + Негативный
20180824-121958_772_live,0,0.0,1,6,3,1,1,30.0,10.0,neutral,10,25-50%,Позитивный + Негативный
20180824-122020_491_live,1,0.15,0,8,2,0,1,20.0,0.0,neutral,10,0-25%,Только позитивный
20180824-122128_891_live,0,0.0,0,4,6,0,1,60.0,0.0,positive,10,50-75%,Только позитивный
20180824-122144_159_live,1,1.0,0,5,5,0,1,50.0,0.0,neutral,10,25-50%,Только позитивный
20180824-122300_862_live,0,0.0,0,9,1,0,1,10.0,0.0,neutral,10,0-25%,Только позитивный
20180824-122416_255_live,1,0.25,0,6,5,0,1,45.45454545454545,0.0,neutral,11,25-50%,Только позитивный
20180824-122513_936_live,1,0.2,2,5,3,1,1,30.0,20.0,neutral,10,25-50%,Позитивный + Негативный
20180824-122531_924_live,1,0.25,0,6,4,0,1,40.0,0.0,neutral,10,25-50%,Только позитивный
20180824-122741_281_live,1,0.5,0,3,7,0,1,70.0,0.0,positive,10,50-75%,Только позитивный
20180824-122747_679_live,0,0.0,1,4,6,1,1,54.54545454545454,9.090909090909092,positive,11,50-75%,Позитивный + Негативный
20180824-122919_69_live,0,0.0,0,6,4,0,1,40.0,0.0,neutral,10,25-50%,Только позитивный
20180824-123012_292_live,1,0.8,2,6,2,1,1,20.0,20.0,neutral,10,0-25%,Позитивный + Негативный
20180824-123136_997_live,1,0.15,0,7,3,0,1,30.0,0.0,neutral,10,25-50%,Только позитивный
20180824-123946_581_live,1,0.5,0,6,4,0,1,40.0,0.0,neutral,10,25-50%,Только позитивный
20180824-124214_397_live,1,30.0,0,4,6,0,1,60.0,0.0,positive,10,50-75%,Только позитивный
20180824-124301_523_live,0,0.0,2,5,3,1,1,30.0,20.0,neutral,10,25-50%,Позитивный + Негативный
20180824-125336_572_live,1,0.29,1,8,1,1,1,10.0,10.0,neutral,10,0-25%,Позитивный + Негативный
20180824-130121_505_live,1,0.5,1,5,4,1,1,40.0,10.0,neutral,10,25-50%,Позитивный + Негативный
20180824-130122_363_live,0,0.0,0,9,1,0,1,10.0,0.0,neutral,10,0-25%,Только позитивный
20180824-130244_446_live,1,0.2,0,2,8,0,1,80.0,0.0,positive,10,75-100%,Только позитивный
20180824-130402_610_live,1,0.1,0,5,5,0,1,50.0,0.0,neutral,10,25-50%,Только позитивный
20180824-130913_64_live,1,0.5,1,4,5,1,1,50.0,10.0,positive,10,25-50%,Позитивный + Негативный
20180824-131145_239_live,1,0.15,0,8,2,0,1,20.0,0.0,neutral,10,0-25%,Только позитивный
20180824-131621_775_live,0,0.0,0,10,0,0,0,0.0,0.0,neutral,10,,Только нейтральный
20180825-042845_49_live,1,0.3,1,3,6,1,1,60.0,10.0,positive,10,50-75%,Позитивный + Негативный
20180825-043229_970_live,0,0.0,0,5,5,0,1,50.0,0.0,neutral,10,25-50%,Только позитивный
20180825-043341_782_live,1,0.1,0,2,8,0,1,80.0,0.0,positive,10,75-100%,Только позитивный
20180825-043516_619_live,0,0.0,2,5,3,1,1,30.0,20.0,neutral,10,25-50%,Позитивный + Негативный
20180825-044048_639_live,1,0.05,0,3,7,0,1,70.0,0.0,positive,10,50-75%,Только позитивный
20180825-044252_786_live,1,0.05,0,2,8,0,1,80.0,0.0,positive,10,75-100%,Только позитивный
20180825-044358_663_live,0,0.0,1,3,6,1,1,60.0,10.0,positive,10,50-75%,Позитивный + Негативный
20180825-044613_233_live,1,0.5,1,5,4,1,1,40.0,10.0,neutral,10,25-50%,Позитивный + Негативный
20180825-045559_409_live,0,0.0,0,6,4,0,1,40.0,0.0,neutral,10,25-50%,Только позитивный
20180825-050306_247_live,0,0.0,0,6,4,0,1,40.0,0.0,neutral,10,25-50%,Только позитивный
20180825-051212_932_live,1,7.0,0,5,5,0,1,50.0,0.0,neutral,10,25-50%,Только позитивный
20180825-051455_889_live,0,0.0,2,4,4,1,1,40.0,20.0,neutral,10,25-50%,Позитивный + Негативный
20180825-051852_679_live,0,0.0,4,5,1,1,1,10.0,40.0,neutral,10,0-25%,Позитивный + Негативный
20180825-051947_478_live,0,0.0,0,4,6,0,1,60.0,0.0,positive,10,50-75%,Только позитивный
20180825-052611_640_live,0,0.0,3,6,1,1,1,10.0,30.0,neutral,10,0-25%,Позитивный + Негативный
20180825-053544_897_live,0,0.0,1,5,4,1,1,40.0,10.0,neutral,10,25-50%,Позитивный + Негативный
20180825-053711_81_live,1,1.0,8,2,0,1,0,0.0,80.0,negative,10,,Только негативный
20180825-054948_621_live,1,0.3,1,7,2,1,1,20.0,10.0,neutral,10,0-25%,Позитивный + Негативный
20180825-055034_34_live,0,0.0,0,10,0,0,0,0.0,0.0,neutral,10,,Только нейтральный
20180825-055321_232_live,1,0.1,0,6,4,0,1,40.0,0.0,neutral,10,25-50%,Только позитивный
20180825-055427_625_live,1,0.3,0,1,9,0,1,90.0,0.0,positive,10,75-100%,Только позитивный
20180825-060055_854_live,1,0.2,1,5,4,1,1,40.0,10.0,neutral,10,25-50%,Позитивный + Негативный
20180825-060212_445_live,1,0.1,0,2,8,0,1,80.0,0.0,positive,10,75-100%,Только позитивный
20180825-060251_387_live,1,0.15,1,5,4,1,1,40.0,10.0,neutral,10,25-50%,Позитивный + Негативный
20180825-060648_863_live,1,2.0,3,1,6,1,1,60.0,30.0,positive,10,50-75%,Позитивный + Негативный
20180825-061105_792_live,1,0.15,1,2,7,1,1,70.0,10.0,positive,10,50-75%,Позитивный + Негативный
20180825-062128_451_live,1,0.5,0,2,8,0,1,80.0,0.0,positive,10,75-100%,Только позитивный
20180825-062219_874_live,0,0.0,0,5,5,0,1,50.0,0.0,neutral,10,25-50%,Только позитивный
20180825-063009_943_live,0,0.0,3,7,0,1,0,0.0,30.0,neutral,10,,Только негативный
20180825-063117_677_live,1,0.2,0,5,5,0,1,50.0,0.0,neutral,10,25-50%,Только позитивный
20180825-063753_619_live,1,0.1,0,3,7,0,1,70.0,0.0,positive,10,50-75%,Только позитивный
20180825-064001_264_live,1,0.2,1,2,7,1,1,70.0,10.0,positive,10,50-75%,Позитивный + Негативный
20180825-064038_102_live,0,0.0,1,6,3,1,1,30.0,10.0,neutral,10,25-50%,Позитивный + Негативный
20180825-064811_939_live,1,0.05,2,2,6,1,1,60.0,20.0,positive,10,50-75%,Позитивный + Негативный
20180825-064838_945_live,0,0.0,1,4,5,1,1,50.0,10.0,positive,10,25-50%,Позитивный + Негативный
20180825-065106_23_live,1,0.1,1,3,6,1,1,60.0,10.0,positive,10,50-75%,Позитивный + Негативный
20180825-065411_526_live,1,0.1,0,5,5,0,1,50.0,0.0,neutral,10,25-50%,Только позитивный
20180825-070515_947_live,1,0.25,0,2,8,0,1,80.0,0.0,positive,10,75-100%,Только позитивный
20180825-070857_925_live,0,0.0,1,4,5,1,1,50.0,10.0,positive,10,25-50%,Позитивный + Негативный
20180825-070900_49_live,1,0.25,0,6,4,0,1,40.0,0.0,neutral,10,25-50%,Только позитивный
20180825-071316_761_live,0,0.0,0,2,8,0,1,80.0,0.0,positive,10,75-100%,Только позитивный
20180825-071459_643_live,1,0.15,2,3,5,1,1,50.0,20.0,positive,10,25-50%,Позитивный + Негативный
20180825-071727_819_live,1,0.15,0,5,5,0,1,50.0,0.0,neutral,10,25-50%,Только позитивный
20180825-071757_571_live,1,0.15,1,5,4,1,1,40.0,10.0,neutral,10,25-50%,Позитивный + Негативный
20180825-073030_73_live,1,0.05,0,4,6,0,1,60.0,0.0,positive,10,50-75%,Только позитивный
20180825-073559_995_live,0,0.0,0,3,7,0,1,70.0,0.0,positive,10,50-75%,Только позитивный
20180825-073629_433_live,0,0.0,3,6,1,1,1,10.0,30.0,neutral,10,0-25%,Позитивный + Негативный
20180825-073809_134_live,0,0.0,0,6,4,0,1,40.0,0.0,neutral,10,25-50%,Только позитивный
20180825-073813_141_live,0,0.0,1,4,5,1,1,50.0,10.0,positive,10,25-50%,Позитивный + Негативный
20180825-074318_984_live,1,0.3,1,1,8,1,1,80.0,10.0,positive,10,75-100%,Позитивный + Негативный
20180825-075451_984_live,1,0.1,2,3,5,1,1,50.0,20.0,positive,10,25-50%,Позитивный + Негативный
20180825-075611_866_live,1,0.05,0,6,4,0,1,40.0,0.0,neutral,10,25-50%,Только позитивный
20180825-075627_48_live,0,0.0,4,6,0,1,0,0.0,40.0,neutral,10,,Только негативный
20180825-075630_493_live,1,1.0,0,5,5,0,1,50.0,0.0,neutral,10,25-50%,Только позитивный
20180825-075647_663_live,0,0.0,1,6,4,1,1,36.36363636363637,9.090909090909092,neutral,11,25-50%,Позитивный + Негативный
20180825-075658_709_live,0,0.0,0,6,4,0,1,40.0,0.0,neutral,10,25-50%,Только позитивный
20180825-075835_273_live,0,0.0,0,2,8,0,1,80.0,0.0,positive,10,75-100%,Только позитивный
20180825-075844_569_live,1,0.25,1,6,3,1,1,30.0,10.0,neutral,10,25-50%,Позитивный + Негативный
20180825-075913_208_live,0,0.0,0,5,5,0,1,50.0,0.0,neutral,10,25-50%,Только позитивный
20180825-080131_220_live,1,0.15,1,5,4,1,1,40.0,10.0,neutral,10,25-50%,Позитивный + Негативный
20180825-080436_824_live,1,10.0,0,8,2,0,1,20.0,0.0,neutral,10,0-25%,Только позитивный
20180825-080452_233_live,0,0.0,0,8,2,0,1,20.0,0.0,neutral,10,0-25%,Только позитивный
20180825-080802_964_live,1,1.0,0,3,7,0,1,70.0,0.0,positive,10,50-75%,Только позитивный
20180825-081402_621_live,1,0.3,0,5,5,0,1,50.0,0.0,neutral,10,25-50%,Только позитивный
20180825-081502_364_live,0,0.0,1,6,3,1,1,30.0,10.0,neutral,10,25-50%,Позитивный + Негативный
20180825-081646_781_live,1,9.0,0,9,1,0,1,10.0,0.0,neutral,10,0-25%,Только позитивный
20180825-081859_875_live,1,0.1,1,4,5,1,1,50.0,10.0,positive,10,25-50%,Позитивный + Негативный
20180825-082635_438_live,1,0.15,1,2,7,1,1,70.0,10.0,positive,10,50-75%,Позитивный + Негативный
20180825-083430_379_live,0,0.0,0,3,7,0,1,70.0,0.0,positive,10,50-75%,Только позитивный
20180825-083745_516_live,1,0.15,0,2,8,0,1,80.0,0.0,positive,10,75-100%,Только позитивный
20180825-084254_215_live,1,1.0,3,2,5,1,1,50.0,30.0,positive,10,25-50%,Позитивный + Негативный
20180825-084657_775_live,0,0.0,2,3,5,1,1,50.0,20.0,positive,10,25-50%,Позитивный + Негативный
20180825-085214_779_live,0,0.0,0,3,7,0,1,70.0,0.0,positive,10,50-75%,Только позитивный
20180825-085709_930_live,1,0.1,3,2,5,1,1,50.0,30.0,positive,10,25-50%,Позитивный + Негативный
20180825-085908_923_live,0,0.0,0,6,4,0,1,40.0,0.0,neutral,10,25-50%,Только позитивный
20180825-090032_956_live,0,0.0,4,5,1,1,1,10.0,40.0,neutral,10,0-25%,Позитивный + Негативный
20180825-090251_7_live,0,0.0,0,6,4,0,1,40.0,0.0,neutral,10,25-50%,Только позитивный
20180825-090446_585_live,0,0.0,0,3,7,0,1,70.0,0.0,positive,10,50-75%,Только позитивный
20180825-091558_618_live,0,0.0,3,5,2,1,1,20.0,30.0,neutral,10,0-25%,Позитивный + Негативный
20180825-092012_333_live,0,0.0,0,10,0,0,0,0.0,0.0,neutral,10,,Только нейтральный
20180825-093236_414_live,0,0.0,0,7,3,0,1,30.0,0.0,neutral,10,25-50%,Только позитивный
20180825-094831_466_live,0,0.0,1,8,1,1,1,10.0,10.0,neutral,10,0-25%,Позитивный + Негативный
20180825-100043_534_live,1,0.1,1,5,4,1,1,40.0,10.0,neutral,10,25-50%,Позитивный + Негативный
20180825-102556_172_live,1,1.0,0,6,4,0,1,40.0,0.0,neutral,10,25-50%,Только позитивный
20180825-111850_152_live,0,0.0,2,3,5,1,1,50.0,20.0,positive,10,25-50%,Позитивный + Негативный
20180825-112434_860_live,0,0.0,0,5,5,0,1,50.0,0.0,neutral,10,25-50%,Только позитивный
20180825-112615_516_live,0,0.0,0,9,1,0,1,10.0,0.0,neutral,10,0-25%,Только позитивный
20180825-125810_869_live,1,0.05,0,6,4,0,1,40.0,0.0,neutral,10,25-50%,Только позитивный
20180825-143255_249_live,1,0.05,0,6,4,0,1,40.0,0.0,neutral,10,25-50%,Только позитивный
20180825-210735_192_live,1,0.1,0,4,6,0,1,60.0,0.0,positive,10,50-75%,Только позитивный
20180826-011431_343_live,0,0.0,0,5,5,0,1,50.0,0.0,neutral,10,25-50%,Только позитивный
20180826-013036_595_live,0,0.0,2,5,3,1,1,30.0,20.0,neutral,10,25-50%,Позитивный + Негативный
20180826-013529_897_live,1,5.0,2,3,5,1,1,50.0,20.0,positive,10,25-50%,Позитивный + Негативный
20180826-013831_953_live,1,1.0,0,1,9,0,1,90.0,0.0,positive,10,75-100%,Только позитивный
20180826-020520_686_live,0,0.0,3,5,2,1,1,20.0,30.0,neutral,10,0-25%,Позитивный + Негативный
20180826-021724_326_live,1,1.0,0,2,8,0,1,80.0,0.0,positive,10,75-100%,Только позитивный
20180826-023807_40_live,1,0.25,2,2,8,1,1,66.66666666666666,16.666666666666664,positive,12,50-75%,Позитивный + Негативный
20180826-033211_245_live,1,0.05,0,2,8,0,1,80.0,0.0,positive,10,75-100%,Только позитивный
20180826-040651_411_live,1,0.01,0,5,5,0,1,50.0,0.0,neutral,10,25-50%,Только позитивный
20180826-043247_456_live,0,0.0,0,3,7,0,1,70.0,0.0,positive,10,50-75%,Только позитивный
20180826-044626_167_live,0,0.0,0,7,3,0,1,30.0,0.0,neutral,10,25-50%,Только позитивный
20180826-045748_926_live,0,0.0,0,1,9,0,1,90.0,0.0,positive,10,75-100%,Только позитивный
20180826-052222_969_live,1,0.3,1,5,4,1,1,40.0,10.0,neutral,10,25-50%,Позитивный + Негативный
20180826-053811_708_live,1,0.2,1,3,6,1,1,60.0,10.0,positive,10,50-75%,Позитивный + Негативный
20180826-053845_531_live,1,0.3,2,4,5,1,1,45.45454545454545,18.181818181818183,positive,11,25-50%,Позитивный + Негативный
20180826-053925_84_live,0,0.0,8,2,0,1,0,0.0,80.0,negative,10,,Только негативный
20180826-054028_444_live,1,1.0,3,3,4,1,1,40.0,30.0,positive,10,25-50%,Позитивный + Негативный
20180826-054232_684_live,1,0.2,0,1,9,0,1,90.0,0.0,positive,10,75-100%,Только позитивный
20180826-054344_65_live,0,0.0,0,1,9,0,1,90.0,0.0,positive,10,75-100%,Только позитивный
20180826-055352_947_live,0,0.0,4,5,2,1,1,18.181818181818183,36.36363636363637,neutral,11,0-25%,Позитивный + Негативный
20180826-060146_791_live,0,0.0,5,5,0,1,0,0.0,50.0,neutral,10,,Только негативный
20180826-060201_521_live,0,0.0,0,6,5,0,1,45.45454545454545,0.0,neutral,11,25-50%,Только позитивный
20180826-061500_476_live,0,0.0,0,7,3,0,1,30.0,0.0,neutral,10,25-50%,Только позитивный
20180826-061846_932_live,1,0.3,0,5,5,0,1,50.0,0.0,neutral,10,25-50%,Только позитивный
20180826-061949_863_live,0,0.0,1,1,8,1,1,80.0,10.0,positive,10,75-100%,Позитивный + Негативный
20180826-062039_2_live,0,0.0,5,3,2,1,1,20.0,50.0,negative,10,0-25%,Позитивный + Негативный
20180826-062356_655_live,0,0.0,1,4,5,1,1,50.0,10.0,positive,10,25-50%,Позитивный + Негативный
20180826-062736_188_live,0,0.0,0,8,3,0,1,27.27272727272727,0.0,neutral,11,25-50%,Только позитивный
20180826-062755_702_live,1,0.05,1,7,2,1,1,20.0,10.0,neutral,10,0-25%,Позитивный + Негативный
20180826-063853_537_live,1,0.05,0,5,5,0,1,50.0,0.0,neutral,10,25-50%,Только позитивный
20180826-064104_677_live,0,0.0,0,6,4,0,1,40.0,0.0,neutral,10,25-50%,Только позитивный
20180826-064412_288_live,0,0.0,3,2,5,1,1,50.0,30.0,positive,10,25-50%,Позитивный + Негативный
20180826-064716_937_live,0,0.0,0,3,8,0,1,72.72727272727273,0.0,positive,11,50-75%,Только позитивный
20180826-065245_39_live,1,0.1,0,1,9,0,1,90.0,0.0,positive,10,75-100%,Только позитивный
20180826-070022_438_live,1,0.05,2,5,3,1,1,30.0,20.0,neutral,10,25-50%,Позитивный + Негативный
20180826-070323_186_live,0,0.0,1,3,6,1,1,60.0,10.0,positive,10,50-75%,Позитивный + Негативный
20180826-070517_871_live,0,0.0,0,4,6,0,1,60.0,0.0,positive,10,50-75%,Только позитивный
20180826-072151_442_live,1,5.0,2,3,5,1,1,50.0,20.0,positive,10,25-50%,Позитивный + Негативный
20180826-073320_803_live,0,0.0,1,2,7,1,1,70.0,10.0,positive,10,50-75%,Позитивный + Негативный
20180826-073858_133_live,1,0.3,0,5,5,0,1,50.0,0.0,neutral,10,25-50%,Только позитивный
20180826-080505_231_live,0,0.0,0,0,10,0,1,100.0,0.0,positive,10,75-100%,Только позитивный
20180826-082717_200_live,1,0.1,2,6,2,1,1,20.0,20.0,neutral,10,0-25%,Позитивный + Негативный
20180826-094859_742_live,1,0.3,0,7,3,0,1,30.0,0.0,neutral,10,25-50%,Только позитивный
20180826-100158_119_live,0,0.0,0,9,1,0,1,10.0,0.0,neutral,10,0-25%,Только позитивный
20180826-173836_197_live,0,0.0,1,2,7,1,1,70.0,10.0,positive,10,50-75%,Позитивный + Негативный
20180826-174120_426_live,1,0.15,0,2,9,0,1,81.81818181818183,0.0,positive,11,75-100%,Только позитивный
20180826-174459_637_live,0,0.0,0,5,5,0,1,50.0,0.0,neutral,10,25-50%,Только позитивный
20180826-174933_275_live,0,0.0,0,4,6,0,1,60.0,0.0,positive,10,50-75%,Только позитивный
20180826-174957_757_live,1,0.2,0,5,5,0,1,50.0,0.0,neutral,10,25-50%,Только позитивный
20180826-175233_4_live,0,0.0,0,1,9,0,1,90.0,0.0,positive,10,75-100%,Только позитивный
20180826-175345_318_live,0,0.0,0,6,4,0,1,40.0,0.0,neutral,10,25-50%,Только позитивный
20180826-175426_937_live,1,0.5,0,2,8,0,1,80.0,0.0,positive,10,75-100%,Только позитивный
20180826-175705_624_live,0,0.0,0,4,6,0,1,60.0,0.0,positive,10,50-75%,Только позитивный
20180826-175706_443_live,0,0.0,3,6,1,1,1,10.0,30.0,neutral,10,0-25%,Позитивный + Негативный
20180826-175853_545_live,1,0.1,1,3,6,1,1,60.0,10.0,positive,10,50-75%,Позитивный + Негативный
20180826-180009_407_live,0,0.0,0,4,6,0,1,60.0,0.0,positive,10,50-75%,Только позитивный
20180826-180300_663_live,0,0.0,0,5,5,0,1,50.0,0.0,neutral,10,25-50%,Только позитивный
20180826-180314_928_live,0,0.0,0,1,9,0,1,90.0,0.0,positive,10,75-100%,Только позитивный
20180826-180554_582_live,0,0.0,0,5,5,0,1,50.0,0.0,neutral,10,25-50%,Только позитивный
20180826-180631_700_live,1,0.15,0,2,8,0,1,80.0,0.0,positive,10,75-100%,Только позитивный
20180826-180646_7_live,1,0.03,0,8,3,0,1,27.27272727272727,0.0,neutral,11,25-50%,Только позитивный
20180826-181020_331_live,0,0.0,0,1,9,0,1,90.0,0.0,positive,10,75-100%,Только позитивный
20180826-181249_805_live,0,0.0,0,4,6,0,1,60.0,0.0,positive,10,50-75%,Только позитивный
20180826-181717_640_live,0,0.0,0,5,5,0,1,50.0,0.0,neutral,10,25-50%,Только позитивный
20180826-181742_58_live,0,0.0,0,9,2,0,1,18.181818181818183,0.0,neutral,11,0-25%,Только позитивный
20180826-181903_395_live,0,0.0,0,7,3,0,1,30.0,0.0,neutral,10,25-50%,Только позитивный
20180826-181951_904_live,1,0.05,1,8,1,1,1,10.0,10.0,neutral,10,0-25%,Позитивный + Негативный
20180826-182047_49_live,0,0.0,0,1,9,0,1,90.0,0.0,positive,10,75-100%,Только позитивный
20180826-182048_519_live,0,0.0,0,6,4,0,1,40.0,0.0,neutral,10,25-50%,Только позитивный
20180826-182054_411_live,0,0.0,4,2,4,1,1,40.0,40.0,neutral,10,25-50%,Позитивный + Негативный
20180826-182522_887_live,1,0.2,0,5,5,0,1,50.0,0.0,neutral,10,25-50%,Только позитивный
20180826-182527_314_live,0,0.0,1,6,3,1,1,30.0,10.0,neutral,10,25-50%,Позитивный + Негативный
20180826-184037_209_live,1,0.1,0,5,5,0,1,50.0,0.0,neutral,10,25-50%,Только позитивный
20180826-184708_183_live,0,0.0,3,7,0,1,0,0.0,30.0,neutral,10,,Только негативный
20180826-190151_488_live,0,0.0,0,6,4,0,1,40.0,0.0,neutral,10,25-50%,Только позитивный
20180826-192022_0_live,0,0.0,0,2,8,0,1,80.0,0.0,positive,10,75-100%,Только позитивный
20180826-193546_146_live,0,0.0,0,3,7,0,1,70.0,0.0,positive,10,50-75%,Только позитивный
20180826-194841_403_live,1,0.3,3,5,3,1,1,27.27272727272727,27.27272727272727,neutral,11,25-50%,Позитивный + Негативный
20180826-203821_83_live,1,0.1,0,7,3,0,1,30.0,0.0,neutral,10,25-50%,Только позитивный
20180826-204907_535_live,1,0.3,0,8,2,0,1,20.0,0.0,neutral,10,0-25%,Только позитивный
20180826-210609_644_live,1,0.05,0,3,7,0,1,70.0,0.0,positive,10,50-75%,Только позитивный
20180826-212714_597_live,1,0.15,1,2,7,1,1,70.0,10.0,positive,10,50-75%,Позитивный + Негативный
20180826-220528_999_live,1,0.3,0,6,4,0,1,40.0,0.0,neutral,10,25-50%,Только позитивный
20180826-220838_141_live,0,0.0,0,5,5,0,1,50.0,0.0,neutral,10,25-50%,Только позитивный
20180827-000803_417_live,0,0.0,4,3,3,1,1,30.0,40.0,negative,10,25-50%,Позитивный + Негативный
20180827-002226_470_live,1,0.15,0,9,1,0,1,10.0,0.0,neutral,10,0-25%,Только позитивный
20180827-004037_444_live,1,1.0,0,5,5,0,1,50.0,0.0,neutral,10,25-50%,Только позитивный
20180827-004200_630_live,1,0.3,1,2,7,1,1,70.0,10.0,positive,10,50-75%,Позитивный + Негативный
20180827-005217_168_live,1,0.3,0,10,0,0,0,0.0,0.0,neutral,10,,Только нейтральный
20180827-012328_101_live,1,0.5,0,7,3,0,1,30.0,0.0,neutral,10,25-50%,Только позитивный
20180827-021816_456_live,1,50.0,0,6,4,0,1,40.0,0.0,neutral,10,25-50%,Только позитивный
20180827-023059_481_live,1,0.5,0,2,8,0,1,80.0,0.0,positive,10,75-100%,Только позитивный
20180827-024612_480_live,0,0.0,0,8,2,0,1,20.0,0.0,neutral,10,0-25%,Только позитивный
20180827-025236_792_live,1,0.2,0,2,8,0,1,80.0,0.0,positive,10,75-100%,Только позитивный
20180827-030633_256_live,1,10.0,0,2,8,0,1,80.0,0.0,positive,10,75-100%,Только позитивный
20180827-032231_430_live,1,0.01,0,5,5,0,1,50.0,0.0,neutral,10,25-50%,Только позитивный
20180827-032731_796_live,1,100.0,0,2,8,0,1,80.0,0.0,positive,10,75-100%,Только позитивный
20180827-032811_159_live,1,25.0,0,4,8,0,1,66.66666666666666,0.0,positive,12,50-75%,Только позитивный
20180827-033057_106_live,1,0.1,4,3,4,1,1,36.36363636363637,36.36363636363637,neutral,11,25-50%,Позитивный + Негативный
20180827-033412_606_live,1,0.15,0,5,5,0,1,50.0,0.0,neutral,10,25-50%,Только позитивный
20180827-033451_673_live,1,2.0,0,8,2,0,1,20.0,0.0,neutral,10,0-25%,Только позитивный
20180827-033602_304_live,0,0.0,0,7,3,0,1,30.0,0.0,neutral,10,25-50%,Только позитивный
20180827-034056_964_live,0,0.0,4,4,2,1,1,20.0,40.0,neutral,10,0-25%,Позитивный + Негативный
20180827-034916_910_live,1,0.3,1,6,3,1,1,30.0,10.0,neutral,10,25-50%,Позитивный + Негативный
20180827-035202_980_live,0,0.0,1,8,1,1,1,10.0,10.0,neutral,10,0-25%,Позитивный + Негативный
20180827-040206_224_live,1,1.0,1,6,3,1,1,30.0,10.0,neutral,10,25-50%,Позитивный + Негативный
20180827-040240_717_live,0,0.0,2,7,1,1,1,10.0,20.0,neutral,10,0-25%,Позитивный + Негативный
20180827-040243_204_live,0,0.0,0,6,4,0,1,40.0,0.0,neutral,10,25-50%,Только позитивный
20180827-041027_973_live,0,0.0,2,4,4,1,1,40.0,20.0,neutral,10,25-50%,Позитивный + Негативный
20180827-041028_432_live,1,0.1,0,4,6,0,1,60.0,0.0,positive,10,50-75%,Только позитивный
20180827-041628_386_live,0,0.0,1,8,1,1,1,10.0,10.0,neutral,10,0-25%,Позитивный + Негативный
20180827-041754_680_live,1,0.2,0,5,5,0,1,50.0,0.0,neutral,10,25-50%,Только позитивный
20180827-042149_955_live,0,0.0,0,7,3,0,1,30.0,0.0,neutral,10,25-50%,Только позитивный
20180827-042538_721_live,0,0.0,0,8,2,0,1,20.0,0.0,neutral,10,0-25%,Только позитивный
20180827-043632_426_live,1,0.1,0,4,6,0,1,60.0,0.0,positive,10,50-75%,Только позитивный
20180827-043728_426_live,1,1.0,0,4,6,0,1,60.0,0.0,positive,10,50-75%,Только позитивный
20180827-044030_730_live,1,0.3,0,2,8,0,1,80.0,0.0,positive,10,75-100%,Только позитивный
20180827-044101_715_live,0,0.0,0,6,4,0,1,40.0,0.0,neutral,10,25-50%,Только позитивный
20180827-044233_823_live,1,0.1,0,4,6,0,1,60.0,0.0,positive,10,50-75%,Только позитивный
20180827-044304_158_live,0,0.0,2,7,1,1,1,10.0,20.0,neutral,10,0-25%,Позитивный + Негативный
20180827-044350_73_live,1,1.0,0,5,5,0,1,50.0,0.0,neutral,10,25-50%,Только позитивный
20180827-044510_713_live,1,20.0,0,0,10,0,1,100.0,0.0,positive,10,75-100%,Только позитивный
20180827-044850_308_live,0,0.0,2,5,3,1,1,30.0,20.0,neutral,10,25-50%,Позитивный + Негативный
20180827-044929_762_live,1,50.0,0,5,5,0,1,50.0,0.0,neutral,10,25-50%,Только позитивный
20180827-045223_670_live,0,0.0,0,4,6,0,1,60.0,0.0,positive,10,50-75%,Только позитивный
20180827-045437_313_live,1,0.01,0,5,5,0,1,50.0,0.0,neutral,10,25-50%,Только позитивный
20180827-045855_86_live,1,1.0,0,8,2,0,1,20.0,0.0,neutral,10,0-25%,Только позитивный
20180827-050439_438_live,1,0.5,0,5,5,0,1,50.0,0.0,neutral,10,25-50%,Только позитивный
20180827-050542_196_live,0,0.0,0,5,5,0,1,50.0,0.0,neutral,10,25-50%,Только позитивный
20180827-050719_208_live,1,0.05,2,5,3,1,1,30.0,20.0,neutral,10,25-50%,Позитивный + Негативный
20180827-050740_909_live,0,0.0,1,8,1,1,1,10.0,10.0,neutral,10,0-25%,Позитивный + Негативный
20180827-050758_457_live,1,5.0,0,7,3,0,1,30.0,0.0,neutral,10,25-50%,Только позитивный
20180827-051440_378_live,0,0.0,2,4,4,1,1,40.0,20.0,neutral,10,25-50%,Позитивный + Негативный
20180827-051947_34_live,0,0.0,0,9,1,0,1,10.0,0.0,neutral,10,0-25%,Только позитивный
20180827-052332_399_live,0,0.0,0,5,5,0,1,50.0,0.0,neutral,10,25-50%,Только позитивный
20180827-052346_342_live,1,50.0,1,5,4,1,1,40.0,10.0,neutral,10,25-50%,Позитивный + Негативный
20180827-052542_379_live,1,1.0,0,5,5,0,1,50.0,0.0,neutral,10,25-50%,Только позитивный
20180827-052933_671_live,0,0.0,0,7,3,0,1,30.0,0.0,neutral,10,25-50%,Только позитивный
20180827-053243_818_live,0,0.0,2,5,3,1,1,30.0,20.0,neutral,10,25-50%,Позитивный + Негативный
20180827-053719_605_live,0,0.0,1,8,1,1,1,10.0,10.0,neutral,10,0-25%,Позитивный + Негативный
20180827-053806_750_live,1,50.0,0,7,3,0,1,30.0,0.0,neutral,10,25-50%,Только позитивный
20180827-055128_658_live,1,50.0,0,7,3,0,1,30.0,0.0,neutral,10,25-50%,Только позитивный
20180827-055433_258_live,1,3.0,0,6,4,0,1,40.0,0.0,neutral,10,25-50%,Только позитивный
20180827-060832_308_live,1,2.0,0,5,5,0,1,50.0,0.0,neutral,10,25-50%,Только позитивный
20180827-060928_49_live,1,50.0,1,5,4,1,1,40.0,10.0,neutral,10,25-50%,Позитивный + Негативный
20180827-062717_115_live,1,50.0,0,6,4,0,1,40.0,0.0,neutral,10,25-50%,Только позитивный
20180828-144300_705_live,0,0.0,0,9,1,0,1,10.0,0.0,neutral,10,0-25%,Только позитивный
20180828-144936_260_live,0,0.0,1,7,2,1,1,20.0,10.0,neutral,10,0-25%,Позитивный + Негативный
20180828-145342_771_live,1,0.1,3,4,3,1,1,30.0,30.0,neutral,10,25-50%,Позитивный + Негативный
20180828-145428_366_live,0,0.0,2,5,3,1,1,30.0,20.0,neutral,10,25-50%,Позитивный + Негативный
20180828-145511_480_live,1,0.25,0,6,4,0,1,40.0,0.0,neutral,10,25-50%,Только позитивный
20180828-145857_925_live,0,0.0,1,6,3,1,1,30.0,10.0,neutral,10,25-50%,Позитивный + Негативный
20180828-150047_923_live,1,1.0,2,4,4,1,1,40.0,20.0,neutral,10,25-50%,Позитивный + Негативный
20180828-150231_344_live,1,1.0,0,4,6,0,1,60.0,0.0,positive,10,50-75%,Только позитивный
20180828-150259_573_live,1,0.05,1,4,5,1,1,50.0,10.0,positive,10,25-50%,Позитивный + Негативный
20180828-150453_834_live,1,0.1,0,5,5,0,1,50.0,0.0,neutral,10,25-50%,Только позитивный
20180828-150559_96_live,1,2.0,1,3,7,1,1,63.63636363636363,9.090909090909092,positive,11,50-75%,Позитивный + Негативный
20180828-150659_719_live,1,1.0,0,8,2,0,1,20.0,0.0,neutral,10,0-25%,Только позитивный
20180828-150721_38_live,1,0.75,1,3,6,1,1,60.0,10.0,positive,10,50-75%,Позитивный + Негативный
20180828-150913_399_live,1,1.0,2,1,7,1,1,70.0,20.0,positive,10,50-75%,Позитивный + Негативный
20180828-151016_679_live,1,0.25,2,2,6,1,1,60.0,20.0,positive,10,50-75%,Позитивный + Негативный
20180828-151312_220_live,1,2.0,0,2,8,0,1,80.0,0.0,positive,10,75-100%,Только позитивный
20180828-151602_271_live,1,1.5,0,2,8,0,1,80.0,0.0,positive,10,75-100%,Только позитивный
20180828-151914_101_live,1,1.0,0,5,5,0,1,50.0,0.0,neutral,10,25-50%,Только позитивный
20180828-152151_483_live,1,0.1,1,9,0,1,0,0.0,10.0,neutral,10,,Только негативный
20180828-152813_982_live,0,0.0,1,4,5,1,1,50.0,10.0,positive,10,25-50%,Позитивный + Негативный
20180828-154646_473_live,1,0.5,0,7,3,0,1,30.0,0.0,neutral,10,25-50%,Только позитивный
20180828-155133_109_live,1,0.1,1,4,5,1,1,50.0,10.0,positive,10,25-50%,Позитивный + Негативный
20180828-155340_989_live,1,0.2,1,3,6,1,1,60.0,10.0,positive,10,50-75%,Позитивный + Негативный
20180828-155952_523_live,0,0.0,1,9,3,1,1,23.076923076923077,7.6923076923076925,neutral,13,0-25%,Позитивный + Негативный
20180828-160644_703_live,1,0.3,0,8,2,0,1,20.0,0.0,neutral,10,0-25%,Только позитивный
20180828-161149_939_live,1,0.3,0,2,8,0,1,80.0,0.0,positive,10,75-100%,Только позитивный
20180828-161442_405_live,1,1.0,0,6,4,0,1,40.0,0.0,neutral,10,25-50%,Только позитивный
20180828-161943_26_live,1,1.54,1,3,6,1,1,60.0,10.0,positive,10,50-75%,Позитивный + Негативный
20180828-162137_37_live,1,1.0,1,4,6,1,1,54.54545454545454,9.090909090909092,positive,11,50-75%,Позитивный + Негативный
20180828-162550_253_live,1,1.0,1,5,5,1,1,45.45454545454545,9.090909090909092,neutral,11,25-50%,Позитивный + Негативный
20180828-162752_771_live,0,0.0,2,3,5,1,1,50.0,20.0,positive,10,25-50%,Позитивный + Негативный
20180828-163111_795_live,1,1.0,1,4,5,1,1,50.0,10.0,positive,10,25-50%,Позитивный + Негативный
20180828-163300_633_live,1,1.0,0,5,5,0,1,50.0,0.0,neutral,10,25-50%,Только позитивный
20180828-164559_390_live,0,0.0,0,3,7,0,1,70.0,0.0,positive,10,50-75%,Только позитивный
20180828-165639_960_live,0,0.0,0,7,3,0,1,30.0,0.0,neutral,10,25-50%,Только позитивный
20180828-171020_885_live,0,0.0,2,5,4,1,1,36.36363636363637,18.181818181818183,neutral,11,25-50%,Позитивный + Негативный
20180828-175059_983_live,1,0.3,0,3,7,0,1,70.0,0.0,positive,10,50-75%,Только позитивный
20180828-180205_798_live,1,0.3,0,3,8,0,1,72.72727272727273,0.0,positive,11,50-75%,Только позитивный
20180828-180224_618_live,0,0.0,1,5,4,1,1,40.0,10.0,neutral,10,25-50%,Позитивный + Негативный
20180828-181506_747_live,1,1.0,0,4,6,0,1,60.0,0.0,positive,10,50-75%,Только позитивный
20180828-182401_548_live,0,0.0,0,10,1,0,1,9.090909090909092,0.0,neutral,11,0-25%,Только позитивный
20180828-182449_776_live,0,0.0,3,6,1,1,1,10.0,30.0,neutral,10,0-25%,Позитивный + Негативный
20180828-182632_141_live,1,2.0,0,6,4,0,1,40.0,0.0,neutral,10,25-50%,Только позитивный
20180828-183321_46_live,0,0.0,5,4,1,1,1,10.0,50.0,negative,10,0-25%,Позитивный + Негативный
20180828-185320_572_live,1,0.5,1,3,6,1,1,60.0,10.0,positive,10,50-75%,Позитивный + Негативный
20180828-185546_199_live,0,0.0,2,2,6,1,1,60.0,20.0,positive,10,50-75%,Позитивный + Негативный
20180828-185623_74_live,0,0.0,5,5,1,1,1,9.090909090909092,45.45454545454545,neutral,11,0-25%,Позитивный + Негативный
20180828-185741_900_live,1,0.01,1,3,6,1,1,60.0,10.0,positive,10,50-75%,Позитивный + Негативный
20180828-190043_840_live,1,1.0,0,2,8,0,1,80.0,0.0,positive,10,75-100%,Только позитивный
20180828-190157_397_live,0,0.0,1,3,6,1,1,60.0,10.0,positive,10,50-75%,Позитивный + Негативный
20180828-190212_442_live,0,0.0,1,5,4,1,1,40.0,10.0,neutral,10,25-50%,Позитивный + Негативный
20180828-190347_623_live,1,1.25,1,4,5,1,1,50.0,10.0,positive,10,25-50%,Позитивный + Негативный
20180828-190442_503_live,0,0.0,0,6,4,0,1,40.0,0.0,neutral,10,25-50%,Только позитивный
20180828-190447_206_live,1,0.5,1,2,7,1,1,70.0,10.0,positive,10,50-75%,Позитивный + Негативный
20180828-190746_441_live,0,0.0,0,4,7,0,1,63.63636363636363,0.0,positive,11,50-75%,Только позитивный
20180828-191043_249_live,0,0.0,0,6,4,0,1,40.0,0.0,neutral,10,25-50%,Только позитивный
20180828-191127_844_live,1,0.25,0,6,5,0,1,45.45454545454545,0.0,neutral,11,25-50%,Только позитивный
20180828-191128_16_live,1,0.15,0,4,6,0,1,60.0,0.0,positive,10,50-75%,Только позитивный
20180828-191231_142_live,1,0.5,0,6,4,0,1,40.0,0.0,neutral,10,25-50%,Только позитивный
20180828-191949_798_live,0,0.0,0,6,4,0,1,40.0,0.0,neutral,10,25-50%,Только позитивный
20180828-191951_61_live,1,1.0,0,5,5,0,1,50.0,0.0,neutral,10,25-50%,Только позитивный
20180828-192007_353_live,0,0.0,7,3,0,1,0,0.0,70.0,negative,10,,Только негативный
20180828-192202_602_live,1,0.5,0,3,7,0,1,70.0,0.0,positive,10,50-75%,Только позитивный
20180828-192229_245_live,1,1.0,1,8,2,1,1,18.181818181818183,9.090909090909092,neutral,11,0-25%,Позитивный + Негативный
20180828-192522_122_live,1,0.25,0,8,2,0,1,20.0,0.0,neutral,10,0-25%,Только позитивный
20180828-192601_768_live,0,0.0,0,7,3,0,1,30.0,0.0,neutral,10,25-50%,Только позитивный
20180828-192744_15_live,0,0.0,1,5,4,1,1,40.0,10.0,neutral,10,25-50%,Позитивный + Негативный
20180828-192750_297_live,0,0.0,2,7,2,1,1,18.181818181818183,18.181818181818183,neutral,11,0-25%,Позитивный + Негативный
20180828-192913_631_live,1,0.5,0,1,10,0,1,90.9090909090909,0.0,positive,11,75-100%,Только позитивный
20180828-194258_519_live,0,0.0,0,5,5,0,1,50.0,0.0,neutral,10,25-50%,Только позитивный
20180828-194341_225_live,0,0.0,1,8,1,1,1,10.0,10.0,neutral,10,0-25%,Позитивный + Негативный
20180828-194737_511_live,1,1.0,2,2,7,1,1,63.63636363636363,18.181818181818183,positive,11,50-75%,Позитивный + Негативный
20180828-194952_902_live,1,2.0,0,4,6,0,1,60.0,0.0,positive,10,50-75%,Только позитивный
20180828-195304_313_live,0,0.0,2,4,4,1,1,40.0,20.0,neutral,10,25-50%,Позитивный + Негативный
20180828-200654_46_live,1,0.2,0,4,6,0,1,60.0,0.0,positive,10,50-75%,Только позитивный
20180828-200947_596_live,0,0.0,1,7,2,1,1,20.0,10.0,neutral,10,0-25%,Позитивный + Негативный
20180828-201354_18_live,0,0.0,2,5,3,1,1,30.0,20.0,neutral,10,25-50%,Позитивный + Негативный
20180828-201439_804_live,0,0.0,1,5,4,1,1,40.0,10.0,neutral,10,25-50%,Позитивный + Негативный
20180828-202033_549_live,1,2.0,1,6,4,1,1,36.36363636363637,9.090909090909092,neutral,11,25-50%,Позитивный + Негативный
20180828-202206_260_live,1,0.75,1,6,3,1,1,30.0,10.0,neutral,10,25-50%,Позитивный + Негативный
20180828-204943_168_live,0,0.0,0,6,4,0,1,40.0,0.0,neutral,10,25-50%,Только позитивный
20180828-204944_288_live,0,0.0,3,2,5,1,1,50.0,30.0,positive,10,25-50%,Позитивный + Негативный
20180828-212320_295_live,0,0.0,0,5,6,0,1,54.54545454545454,0.0,positive,11,50-75%,Только позитивный
20180828-213210_462_live,0,0.0,0,2,8,0,1,80.0,0.0,positive,10,75-100%,Только позитивный
20180828-213210_53_live,1,0.5,0,6,4,0,1,40.0,0.0,neutral,10,25-50%,Только позитивный
20180828-215629_975_live,1,1.0,5,5,1,1,1,9.090909090909092,45.45454545454545,neutral,11,0-25%,Позитивный + Негативный
20180828-220218_164_live,0,0.0,1,6,3,1,1,30.0,10.0,neutral,10,25-50%,Позитивный + Негативный
20180828-220746_854_live,0,0.0,2,7,3,1,1,25.0,16.666666666666664,neutral,12,0-25%,Позитивный + Негативный
20180828-221141_79_live,1,0.01,2,5,3,1,1,30.0,20.0,neutral,10,25-50%,Позитивный + Негативный
20180828-224234_567_live,0,0.0,0,6,4,0,1,40.0,0.0,neutral,10,25-50%,Только позитивный
20180828-230057_631_live,0,0.0,3,7,0,1,0,0.0,30.0,neutral,10,,Только негативный
20180829-010424_398_live,1,0.1,1,4,7,1,1,58.333333333333336,8.333333333333332,positive,12,50-75%,Позитивный + Негативный
20180829-013801_68_live,1,0.05,2,5,3,1,1,30.0,20.0,neutral,10,25-50%,Позитивный + Негативный
20180829-023457_929_live,0,0.0,0,7,3,0,1,30.0,0.0,neutral,10,25-50%,Только позитивный
20180829-024934_543_live,1,1.0,0,2,9,0,1,81.81818181818183,0.0,positive,11,75-100%,Только позитивный
20180829-025613_845_live,1,2.0,0,4,6,0,1,60.0,0.0,positive,10,50-75%,Только позитивный
20180829-031039_439_live,0,0.0,0,7,3,0,1,30.0,0.0,neutral,10,25-50%,Только позитивный
20180829-032426_132_live,1,0.1,0,7,3,0,1,30.0,0.0,neutral,10,25-50%,Только позитивный
20180829-032923_105_live,1,0.3,0,3,8,0,1,72.72727272727273,0.0,positive,11,50-75%,Только позитивный
20180829-034023_393_live,0,0.0,0,4,6,0,1,60.0,0.0,positive,10,50-75%,Только позитивный
20180829-041046_968_live,0,0.0,3,8,0,1,0,0.0,27.27272727272727,neutral,11,,Только негативный
20180829-042052_972_live,1,0.05,2,2,6,1,1,60.0,20.0,positive,10,50-75%,Позитивный + Негативный
20180829-043732_518_live,0,0.0,0,3,7,0,1,70.0,0.0,positive,10,50-75%,Только позитивный
20180829-045325_336_live,1,0.5,2,6,2,1,1,20.0,20.0,neutral,10,0-25%,Позитивный + Негативный
20180829-051330_889_live,0,0.0,0,9,1,0,1,10.0,0.0,neutral,10,0-25%,Только позитивный
20180829-051452_929_live,1,0.25,1,1,8,1,1,80.0,10.0,positive,10,75-100%,Позитивный + Негативный
20180829-051511_813_live,1,0.15,2,6,2,1,1,20.0,20.0,neutral,10,0-25%,Позитивный + Негативный
20180829-054652_429_live,0,0.0,0,2,8,0,1,80.0,0.0,positive,10,75-100%,Только позитивный
20180829-054846_569_live,1,0.25,0,3,7,0,1,70.0,0.0,positive,10,50-75%,Только позитивный
20180829-055223_138_live,0,0.0,6,4,0,1,0,0.0,60.0,negative,10,,Только негативный
20180829-055321_359_live,1,1.0,1,9,0,1,0,0.0,10.0,neutral,10,,Только негативный
20180829-055552_578_live,0,0.0,2,3,5,1,1,50.0,20.0,positive,10,25-50%,Позитивный + Негативный
20180829-055930_101_live,1,0.12,0,4,6,0,1,60.0,0.0,positive,10,50-75%,Только позитивный
20180829-061510_908_live,1,2.0,0,4,6,0,1,60.0,0.0,positive,10,50-75%,Только позитивный
20180829-061717_888_live,0,0.0,1,4,6,1,1,54.54545454545454,9.090909090909092,positive,11,50-75%,Позитивный + Негативный
20180829-062941_49_live,1,0.3,1,5,5,1,1,45.45454545454545,9.090909090909092,neutral,11,25-50%,Позитивный + Негативный
20180829-065354_687_live,0,0.0,0,6,6,0,1,50.0,0.0,neutral,12,25-50%,Только позитивный
20180829-065704_482_live,1,0.05,1,5,4,1,1,40.0,10.0,neutral,10,25-50%,Позитивный + Негативный
20180829-065854_948_live,0,0.0,5,1,4,1,1,40.0,50.0,negative,10,25-50%,Позитивный + Негативный
20180829-070821_517_live,1,0.05,3,5,2,1,1,20.0,30.0,neutral,10,0-25%,Позитивный + Негативный
20180829-072646_214_live,0,0.0,2,5,4,1,1,36.36363636363637,18.181818181818183,neutral,11,25-50%,Позитивный + Негативный
20180829-073415_966_live,0,0.0,1,4,5,1,1,50.0,10.0,positive,10,25-50%,Позитивный + Негативный
20180829-074215_511_live,0,0.0,8,2,0,1,0,0.0,80.0,negative,10,,Только негативный
20180829-075322_267_live,1,1.0,3,2,5,1,1,50.0,30.0,positive,10,25-50%,Позитивный + Негативный
20180829-080320_760_live,0,0.0,5,4,1,1,1,10.0,50.0,negative,10,0-25%,Позитивный + Негативный
20180829-081138_317_live,1,0.02,4,6,0,1,0,0.0,40.0,neutral,10,,Только негативный
20180829-081919_384_live,1,1.0,1,4,5,1,1,50.0,10.0,positive,10,25-50%,Позитивный + Негативный
20180829-082113_449_live,1,0.5,0,7,3,0,1,30.0,0.0,neutral,10,25-50%,Только позитивный
20180829-082505_548_live,0,0.0,0,3,7,0,1,70.0,0.0,positive,10,50-75%,Только позитивный
20180829-082832_829_live,1,0.01,0,5,5,0,1,50.0,0.0,neutral,10,25-50%,Только позитивный
20180829-083014_221_live,1,0.5,1,5,4,1,1,40.0,10.0,neutral,10,25-50%,Позитивный + Негативный
20180829-083433_500_live,1,1.0,1,3,6,1,1,60.0,10.0,positive,10,50-75%,Позитивный + Негативный
20180829-084042_694_live,0,0.0,0,9,1,0,1,10.0,0.0,neutral,10,0-25%,Только позитивный
20180829-085544_678_live,0,0.0,0,4,6,0,1,60.0,0.0,positive,10,50-75%,Только позитивный
20180829-090546_237_live,1,1.0,0,5,6,0,1,54.54545454545454,0.0,positive,11,50-75%,Только позитивный
20180829-092612_565_live,1,1.0,0,6,4,0,1,40.0,0.0,neutral,10,25-50%,Только позитивный
20180829-093239_896_live,0,0.0,0,3,7,0,1,70.0,0.0,positive,10,50-75%,Только позитивный
20180829-094538_696_live,1,1.0,2,7,3,1,1,25.0,16.666666666666664,neutral,12,0-25%,Позитивный + Негативный
20180829-100816_672_live,0,0.0,5,5,0,1,0,0.0,50.0,neutral,10,,Только негативный
20180829-101807_380_live,1,1.0,1,4,5,1,1,50.0,10.0,positive,10,25-50%,Позитивный + Негативный
20180829-102237_489_live,0,0.0,2,5,3,1,1,30.0,20.0,neutral,10,25-50%,Позитивный + Негативный
20180829-114825_64_live,1,1.0,3,2,6,1,1,54.54545454545454,27.27272727272727,positive,11,50-75%,Позитивный + Негативный
20180829-115223_595_live,1,1.0,0,4,6,0,1,60.0,0.0,positive,10,50-75%,Только позитивный
20180829-120113_628_live,1,2.0,0,1,9,0,1,90.0,0.0,positive,10,75-100%,Только позитивный
20180829-122147_798_live,0,0.0,0,3,7,0,1,70.0,0.0,positive,10,50-75%,Только позитивный
20180829-123437_970_live,0,0.0,1,2,7,1,1,70.0,10.0,positive,10,50-75%,Позитивный + Негативный
20180829-131217_757_live,1,1.0,0,5,5,0,1,50.0,0.0,neutral,10,25-50%,Только позитивный
20180829-133047_305_live,0,0.0,1,7,2,1,1,20.0,10.0,neutral,10,0-25%,Позитивный + Негативный
20180829-133221_419_live,1,2.0,1,3,6,1,1,60.0,10.0,positive,10,50-75%,Позитивный + Негативный
20180829-140252_910_live,0,0.0,0,6,4,0,1,40.0,0.0,neutral,10,25-50%,Только позитивный
20180829-141003_666_live,1,2.0,2,2,6,1,1,60.0,20.0,positive,10,50-75%,Позитивный + Негативный
20180829-141125_448_live,0,0.0,3,4,3,1,1,30.0,30.0,neutral,10,25-50%,Позитивный + Негативный
20180829-143714_241_live,0,0.0,3,7,1,1,1,9.090909090909092,27.27272727272727,neutral,11,0-25%,Позитивный + Негативный
20180829-144704_720_live,1,1.0,2,6,2,1,1,20.0,20.0,neutral,10,0-25%,Позитивный + Негативный
20180829-145732_91_live,0,0.0,1,4,5,1,1,50.0,10.0,positive,10,25-50%,Позитивный + Негативный
20180829-161850_275_live,1,2.0,1,3,6,1,1,60.0,10.0,positive,10,50-75%,Позитивный + Негативный
20180829-212706_883_live,1,1.0,0,1,10,0,1,90.9090909090909,0.0,positive,11,75-100%,Только позитивный
20180829-222938_760_live,1,0.3,2,3,5,1,1,50.0,20.0,positive,10,25-50%,Позитивный + Негативный
20180830-152840_138_live,1,0.1,0,2,8,0,1,80.0,0.0,positive,10,75-100%,Только позитивный
20180830-153627_498_live,0,0.0,4,5,1,1,1,10.0,40.0,neutral,10,0-25%,Позитивный + Негативный
20180830-153926_427_live,1,0.5,1,9,1,1,1,9.090909090909092,9.090909090909092,neutral,11,0-25%,Позитивный + Негативный
20180830-154221_116_live,1,0.77,2,5,3,1,1,30.0,20.0,neutral,10,25-50%,Позитивный + Негативный
20180830-154401_340_live,0,0.0,2,4,4,1,1,40.0,20.0,neutral,10,25-50%,Позитивный + Негативный
20180830-154545_725_live,1,0.5,0,7,3,0,1,30.0,0.0,neutral,10,25-50%,Только позитивный
20180830-154613_158_live,1,2.0,0,4,6,0,1,60.0,0.0,positive,10,50-75%,Только позитивный
20180830-154623_7_live,0,0.0,0,6,4,0,1,40.0,0.0,neutral,10,25-50%,Только позитивный
20180830-154630_337_live,1,0.3,0,6,4,0,1,40.0,0.0,neutral,10,25-50%,Только позитивный
20180830-154653_979_live,0,0.0,1,7,2,1,1,20.0,10.0,neutral,10,0-25%,Позитивный + Негативный
20180830-155048_517_live,0,0.0,0,5,5,0,1,50.0,0.0,neutral,10,25-50%,Только позитивный
20180830-155510_301_live,1,0.75,1,6,6,1,1,46.15384615384615,7.6923076923076925,neutral,13,25-50%,Позитивный + Негативный
20180830-155925_759_live,0,0.0,4,1,5,1,1,50.0,40.0,positive,10,25-50%,Позитивный + Негативный
20180830-160532_624_live,0,0.0,0,7,3,0,1,30.0,0.0,neutral,10,25-50%,Только позитивный
20180830-160755_786_live,0,0.0,2,3,5,1,1,50.0,20.0,positive,10,25-50%,Позитивный + Негативный
20180830-162916_957_live,1,1.0,1,7,2,1,1,20.0,10.0,neutral,10,0-25%,Позитивный + Негативный
20180830-163555_445_live,0,0.0,1,2,7,1,1,70.0,10.0,positive,10,50-75%,Позитивный + Негативный
20180830-164240_852_live,1,1.0,0,4,6,0,1,60.0,0.0,positive,10,50-75%,Только позитивный
20180830-171517_934_live,1,1.0,0,2,8,0,1,80.0,0.0,positive,10,75-100%,Только позитивный
20180830-171814_382_live,1,0.5,0,10,0,0,0,0.0,0.0,neutral,10,,Только нейтральный
20180830-173320_897_live,0,0.0,0,6,4,0,1,40.0,0.0,neutral,10,25-50%,Только позитивный
20180830-173642_791_live,1,1.0,0,2,8,0,1,80.0,0.0,positive,10,75-100%,Только позитивный
20180830-174134_253_live,0,0.0,0,7,3,0,1,30.0,0.0,neutral,10,25-50%,Только позитивный
20180830-174222_391_live,1,0.55,0,7,4,0,1,36.36363636363637,0.0,neutral,11,25-50%,Только позитивный
20180830-174307_818_live,1,1.0,0,3,7,0,1,70.0,0.0,positive,10,50-75%,Только позитивный
20180830-174339_981_live,0,0.0,0,11,1,0,1,8.333333333333332,0.0,neutral,12,0-25%,Только позитивный
20180830-174602_584_live,0,0.0,3,3,4,1,1,40.0,30.0,positive,10,25-50%,Позитивный + Негативный
20180830-175159_432_live,1,1.0,2,4,6,1,1,50.0,16.666666666666664,positive,12,25-50%,Позитивный + Негативный
20180830-180642_988_live,0,0.0,0,5,5,0,1,50.0,0.0,neutral,10,25-50%,Только позитивный
20180830-180646_25_live,1,1.0,1,6,3,1,1,30.0,10.0,neutral,10,25-50%,Позитивный + Негативный
20180830-181256_736_live,0,0.0,5,4,1,1,1,10.0,50.0,negative,10,0-25%,Позитивный + Негативный
20180830-181817_436_live,0,0.0,1,4,5,1,1,50.0,10.0,positive,10,25-50%,Позитивный + Негативный
20180830-182037_288_live,1,0.5,0,3,7,0,1,70.0,0.0,positive,10,50-75%,Только позитивный
20180830-182713_515_live,1,1.0,0,3,8,0,1,72.72727272727273,0.0,positive,11,50-75%,Только позитивный
20180830-183859_317_live,1,2.0,0,7,3,0,1,30.0,0.0,neutral,10,25-50%,Только позитивный
20180830-184045_958_live,1,2.0,1,5,4,1,1,40.0,10.0,neutral,10,25-50%,Позитивный + Негативный
20180830-185013_499_live,1,0.2,0,5,5,0,1,50.0,0.0,neutral,10,25-50%,Только позитивный
20180830-185816_181_live,0,0.0,4,2,5,1,1,45.45454545454545,36.36363636363637,positive,11,25-50%,Позитивный + Негативный
20180830-185954_395_live,1,0.25,1,2,7,1,1,70.0,10.0,positive,10,50-75%,Позитивный + Негативный
20180830-190109_662_live,1,0.5,0,4,6,0,1,60.0,0.0,positive,10,50-75%,Только позитивный
20180830-191022_810_live,0,0.0,2,7,1,1,1,10.0,20.0,neutral,10,0-25%,Позитивный + Негативный
20180830-191620_965_live,1,2.0,1,2,8,1,1,72.72727272727273,9.090909090909092,positive,11,50-75%,Позитивный + Негативный
20180830-191932_932_live,0,0.0,3,6,1,1,1,10.0,30.0,neutral,10,0-25%,Позитивный + Негативный
20180830-192317_46_live,0,0.0,4,3,3,1,1,30.0,40.0,negative,10,25-50%,Позитивный + Негативный
20180830-194021_927_live,1,0.2,1,6,3,1,1,30.0,10.0,neutral,10,25-50%,Позитивный + Негативный
20180830-194201_156_live,1,1.0,0,5,5,0,1,50.0,0.0,neutral,10,25-50%,Только позитивный
20180830-200148_992_live,0,0.0,2,0,8,1,1,80.0,20.0,positive,10,75-100%,Позитивный + Негативный
20180830-201035_956_live,1,0.3,2,5,3,1,1,30.0,20.0,neutral,10,25-50%,Позитивный + Негативный
20180830-202306_689_live,0,0.0,0,6,4,0,1,40.0,0.0,neutral,10,25-50%,Только позитивный
20180830-204841_559_live,1,2.0,1,7,2,1,1,20.0,10.0,neutral,10,0-25%,Позитивный + Негативный
20180830-212956_406_live,0,0.0,1,6,3,1,1,30.0,10.0,neutral,10,25-50%,Позитивный + Негативный
20180830-213219_625_live,1,1.0,0,7,4,0,1,36.36363636363637,0.0,neutral,11,25-50%,Только позитивный
20180830-213440_640_live,1,1.0,2,2,6,1,1,60.0,20.0,positive,10,50-75%,Позитивный + Негативный
20180830-223344_362_live,1,0.3,0,7,3,0,1,30.0,0.0,neutral,10,25-50%,Только позитивный
20180830-225222_66_live,0,0.0,0,4,6,0,1,60.0,0.0,positive,10,50-75%,Только позитивный
20180830-232642_468_live,1,2.0,0,5,6,0,1,54.54545454545454,0.0,positive,11,50-75%,Только позитивный
20180830-232824_365_live,1,2.0,2,3,5,1,1,50.0,20.0,positive,10,25-50%,Позитивный + Негативный
20180831-012053_911_live,1,1.0,0,5,5,0,1,50.0,0.0,neutral,10,25-50%,Только позитивный
20180831-031446_408_live,1,0.1,0,8,2,0,1,20.0,0.0,neutral,10,0-25%,Только позитивный
20180831-040908_90_live,1,1.0,0,4,6,0,1,60.0,0.0,positive,10,50-75%,Только позитивный
20180831-043947_465_live,0,0.0,1,4,5,1,1,50.0,10.0,positive,10,25-50%,Позитивный + Негативный
20180831-051326_212_live,0,0.0,1,7,2,1,1,20.0,10.0,neutral,10,0-25%,Позитивный + Негативный
20180831-052816_178_live,1,0.1,2,5,3,1,1,30.0,20.0,neutral,10,25-50%,Позитивный + Негативный
20180831-053018_301_live,1,0.1,4,2,4,1,1,40.0,40.0,neutral,10,25-50%,Позитивный + Негативный
20180831-053123_578_live,0,0.0,0,3,7,0,1,70.0,0.0,positive,10,50-75%,Только позитивный
20180831-054654_563_live,1,2.0,0,5,5,0,1,50.0,0.0,neutral,10,25-50%,Только позитивный
20180831-063536_532_live,1,0.25,0,2,8,0,1,80.0,0.0,positive,10,75-100%,Только позитивный
20180831-065311_853_live,1,0.2,0,3,7,0,1,70.0,0.0,positive,10,50-75%,Только позитивный
20180831-070455_353_live,0,0.0,2,7,1,1,1,10.0,20.0,neutral,10,0-25%,Позитивный + Негативный
20180831-071300_554_live,0,0.0,0,5,5,0,1,50.0,0.0,neutral,10,25-50%,Только позитивный
20180831-072612_12_live,0,0.0,0,7,3,0,1,30.0,0.0,neutral,10,25-50%,Только позитивный
20180831-073753_874_live,1,2.0,0,1,9,0,1,90.0,0.0,positive,10,75-100%,Только позитивный
20180831-073919_112_live,0,0.0,2,7,1,1,1,10.0,20.0,neutral,10,0-25%,Позитивный + Негативный
20180831-080306_985_live,1,0.2,0,3,7,0,1,70.0,0.0,positive,10,50-75%,Только позитивный
20180831-081945_112_live,0,0.0,5,3,2,1,1,20.0,50.0,negative,10,0-25%,Позитивный + Негативный
20180831-082733_742_live,0,0.0,0,6,4,0,1,40.0,0.0,neutral,10,25-50%,Только позитивный
20180831-083027_46_live,1,0.5,0,2,8,0,1,80.0,0.0,positive,10,75-100%,Только позитивный
20180831-094009_882_live,0,0.0,0,1,9,0,1,90.0,0.0,positive,10,75-100%,Только позитивный
20180831-094601_58_live,1,0.2,0,8,2,0,1,20.0,0.0,neutral,10,0-25%,Только позитивный
20180831-100313_532_live,1,0.01,1,5,5,1,1,45.45454545454545,9.090909090909092,neutral,11,25-50%,Позитивный + Негативный
20180831-103236_81_live,0,0.0,2,5,3,1,1,30.0,20.0,neutral,10,25-50%,Позитивный + Негативный
20180831-111502_257_live,1,1.0,1,6,3,1,1,30.0,10.0,neutral,10,25-50%,Позитивный + Негативный
20180831-115617_21_live,1,1.0,0,3,7,0,1,70.0,0.0,positive,10,50-75%,Только позитивный
20180831-120243_533_live,0,0.0,0,6,4,0,1,40.0,0.0,neutral,10,25-50%,Только позитивный
20180831-120603_285_live,1,0.05,0,5,6,0,1,54.54545454545454,0.0,positive,11,50-75%,Только позитивный
20180831-122246_544_live,1,0.25,2,5,3,1,1,30.0,20.0,neutral,10,25-50%,Позитивный + Негативный
20180831-130348_981_live,0,0.0,0,4,6,0,1,60.0,0.0,positive,10,50-75%,Только позитивный
20180831-131354_977_live,0,0.0,1,3,6,1,1,60.0,10.0,positive,10,50-75%,Позитивный + Негативный
20180831-175558_427_live,1,0.5,0,2,8,0,1,80.0,0.0,positive,10,75-100%,Только позитивный
20180831-175925_143_live,0,0.0,2,4,4,1,1,40.0,20.0,neutral,10,25-50%,Позитивный + Негативный
20180831-180309_707_live,0,0.0,1,2,7,1,1,70.0,10.0,positive,10,50-75%,Позитивный + Негативный
20180831-180355_992_live,0,0.0,5,3,2,1,1,20.0,50.0,negative,10,0-25%,Позитивный + Негативный
20180831-180851_529_live,0,0.0,4,6,0,1,0,0.0,40.0,neutral,10,,Только негативный
20180831-181810_204_live,1,1.0,0,8,2,0,1,20.0,0.0,neutral,10,0-25%,Только позитивный
20180831-182245_152_live,1,1.5,1,2,7,1,1,70.0,10.0,positive,10,50-75%,Позитивный + Негативный
20180831-182914_929_live,1,1.0,0,7,4,0,1,36.36363636363637,0.0,neutral,11,25-50%,Только позитивный
20180831-183431_357_live,1,0.1,4,6,0,1,0,0.0,40.0,neutral,10,,Только негативный
20180831-184520_110_live,1,0.75,0,5,5,0,1,50.0,0.0,neutral,10,25-50%,Только позитивный
20180831-184944_472_live,1,0.3,0,5,5,0,1,50.0,0.0,neutral,10,25-50%,Только позитивный
20180831-185408_698_live,0,0.0,0,6,5,0,1,45.45454545454545,0.0,neutral,11,25-50%,Только позитивный
20180831-185836_687_live,1,0.5,1,4,5,1,1,50.0,10.0,positive,10,25-50%,Позитивный + Негативный
20180831-190413_38_live,1,1.72,0,4,6,0,1,60.0,0.0,positive,10,50-75%,Только позитивный
20180831-191015_164_live,0,0.0,3,5,4,1,1,33.33333333333333,25.0,neutral,12,25-50%,Позитивный + Негативный
20180831-191711_71_live,0,0.0,0,2,8,0,1,80.0,0.0,positive,10,75-100%,Только позитивный
20180831-191911_779_live,1,1.0,0,8,2,0,1,20.0,0.0,neutral,10,0-25%,Только позитивный
20180831-191926_666_live,1,1.0,1,4,5,1,1,50.0,10.0,positive,10,25-50%,Позитивный + Негативный
20180831-193934_858_live,1,1.0,0,3,7,0,1,70.0,0.0,positive,10,50-75%,Только позитивный
20180831-200600_498_live,1,1.0,0,9,1,0,1,10.0,0.0,neutral,10,0-25%,Только позитивный
20180831-205301_781_live,0,0.0,4,3,3,1,1,30.0,40.0,negative,10,25-50%,Позитивный + Негативный
20180831-211050_995_live,0,0.0,3,3,4,1,1,40.0,30.0,positive,10,25-50%,Позитивный + Негативный
20180831-211130_630_live,0,0.0,1,6,3,1,1,30.0,10.0,neutral,10,25-50%,Позитивный + Негативный
20180831-211837_377_live,0,0.0,0,7,3,0,1,30.0,0.0,neutral,10,25-50%,Только позитивный
20180831-215137_413_live,0,0.0,2,5,4,1,1,36.36363636363637,18.181818181818183,neutral,11,25-50%,Позитивный + Негативный
20180831-221232_645_live,0,0.0,1,7,2,1,1,20.0,10.0,neutral,10,0-25%,Позитивный + Негативный
20180831-222729_66_live,1,0.05,1,9,2,1,1,16.666666666666664,8.333333333333332,neutral,12,0-25%,Позитивный + Негативный
20180831-223214_28_live,1,0.2,1,4,5,1,1,50.0,10.0,positive,10,25-50%,Позитивный + Негативный
20180831-224726_732_live,0,0.0,3,3,4,1,1,40.0,30.0,positive,10,25-50%,Позитивный + Негативный
20180831-231032_102_live,0,0.0,0,5,5,0,1,50.0,0.0,neutral,10,25-50%,Только позитивный
20180831-231226_976_live,1,0.05,0,6,4,0,1,40.0,0.0,neutral,10,25-50%,Только позитивный
20180901-001137_507_live,1,1.0,0,8,2,0,1,20.0,0.0,neutral,10,0-25%,Только позитивный
20180901-001917_173_live,1,1.0,3,2,5,1,1,50.0,30.0,positive,10,25-50%,Позитивный + Негативный
20180901-003311_274_live,0,0.0,1,6,3,1,1,30.0,10.0,neutral,10,25-50%,Позитивный + Негативный
20180901-004406_582_live,0,0.0,1,4,5,1,1,50.0,10.0,positive,10,25-50%,Позитивный + Негативный
20180901-020126_11_live,0,0.0,1,6,3,1,1,30.0,10.0,neutral,10,25-50%,Позитивный + Негативный
20180901-045936_842_live,1,2.0,1,1,8,1,1,80.0,10.0,positive,10,75-100%,Позитивный + Негативный
20180901-055511_376_live,1,0.4,0,4,7,0,1,63.63636363636363,0.0,positive,11,50-75%,Только позитивный
20180901-060959_922_live,0,0.0,4,6,0,1,0,0.0,40.0,neutral,10,,Только негативный
20180901-061738_750_live,1,0.3,0,1,9,0,1,90.0,0.0,positive,10,75-100%,Только позитивный
20180901-062656_249_live,1,2.0,1,2,7,1,1,70.0,10.0,positive,10,50-75%,Позитивный + Негативный
20180901-063841_657_live,1,0.2,0,6,4,0,1,40.0,0.0,neutral,10,25-50%,Только позитивный
20180901-064502_492_live,0,0.0,1,7,2,1,1,20.0,10.0,neutral,10,0-25%,Позитивный + Негативный
20180901-071043_291_live,1,0.5,1,8,1,1,1,10.0,10.0,neutral,10,0-25%,Позитивный + Негативный
20180901-073405_760_live,0,0.0,1,5,4,1,1,40.0,10.0,neutral,10,25-50%,Позитивный + Негативный
20180901-074748_167_live,0,0.0,1,4,5,1,1,50.0,10.0,positive,10,25-50%,Позитивный + Негативный
20180901-075346_269_live,1,1.0,1,3,6,1,1,60.0,10.0,positive,10,50-75%,Позитивный + Негативный
20180901-075720_707_live,1,0.5,0,5,5,0,1,50.0,0.0,neutral,10,25-50%,Только позитивный
20180901-081612_655_live,1,1.0,0,2,8,0,1,80.0,0.0,positive,10,75-100%,Только позитивный
20180901-082120_803_live,1,0.1,2,4,4,1,1,40.0,20.0,neutral,10,25-50%,Позитивный + Негативный
20180901-083851_418_live,1,1.0,1,3,6,1,1,60.0,10.0,positive,10,50-75%,Позитивный + Негативный
20180901-091456_160_live,1,0.2,0,8,3,0,1,27.27272727272727,0.0,neutral,11,25-50%,Только позитивный
20180901-093058_490_live,0,0.0,0,6,5,0,1,45.45454545454545,0.0,neutral,11,25-50%,Только позитивный
20180901-100753_363_live,1,0.5,0,5,5,0,1,50.0,0.0,neutral,10,25-50%,Только позитивный
20180901-101051_687_live,1,0.03,1,3,6,1,1,60.0,10.0,positive,10,50-75%,Позитивный + Негативный
20180901-101814_540_live,1,0.2,3,4,3,1,1,30.0,30.0,neutral,10,25-50%,Позитивный + Негативный
20180901-112714_568_live,1,0.2,0,6,5,0,1,45.45454545454545,0.0,neutral,11,25-50%,Только позитивный
20180901-112814_354_live,0,0.0,1,5,4,1,1,40.0,10.0,neutral,10,25-50%,Позитивный + Негативный
20180901-112824_44_live,1,1.0,0,2,8,0,1,80.0,0.0,positive,10,75-100%,Только позитивный
20180901-112903_682_live,1,0.2,1,4,5,1,1,50.0,10.0,positive,10,25-50%,Позитивный + Негативный
20180901-114608_710_live,1,1.0,0,7,3,0,1,30.0,0.0,neutral,10,25-50%,Только позитивный
20180901-121302_185_live,0,0.0,3,3,4,1,1,40.0,30.0,positive,10,25-50%,Позитивный + Негативный
20180901-121329_807_live,1,1.5,0,3,7,0,1,70.0,0.0,positive,10,50-75%,Только позитивный
20180901-121417_346_live,0,0.0,2,2,6,1,1,60.0,20.0,positive,10,50-75%,Позитивный + Негативный
20180901-121932_143_live,0,0.0,0,7,6,0,1,46.15384615384615,0.0,neutral,13,25-50%,Только позитивный
20180901-125341_302_live,1,0.2,0,3,7,0,1,70.0,0.0,positive,10,50-75%,Только позитивный
20180901-125737_539_live,1,1.0,2,8,1,1,1,9.090909090909092,18.181818181818183,neutral,11,0-25%,Позитивный + Негативный
20180901-142346_317_live,1,1.0,0,4,6,0,1,60.0,0.0,positive,10,50-75%,Только позитивный
20180901-152528_222_live,1,0.5,0,5,6,0,1,54.54545454545454,0.0,positive,11,50-75%,Только позитивный
20180901-154211_517_live,0,0.0,1,7,2,1,1,20.0,10.0,neutral,10,0-25%,Позитивный + Негативный
20180901-160047_444_live,0,0.0,2,9,1,1,1,8.333333333333332,16.666666666666664,neutral,12,0-25%,Позитивный + Негативный
20180901-161656_635_live,0,0.0,2,4,5,1,1,45.45454545454545,18.181818181818183,positive,11,25-50%,Позитивный + Негативный
20180901-164025_222_live,1,1.0,1,4,5,1,1,50.0,10.0,positive,10,25-50%,Позитивный + Негативный
20180901-170812_961_live,0,0.0,3,5,3,1,1,27.27272727272727,27.27272727272727,neutral,11,25-50%,Позитивный + Негативный
20180901-171431_849_live,0,0.0,0,7,3,0,1,30.0,0.0,neutral,10,25-50%,Только позитивный
20180901-180119_88_live,1,1.0,0,2,8,0,1,80.0,0.0,positive,10,75-100%,Только позитивный
20180901-180231_790_live,0,0.0,0,1,9,0,1,90.0,0.0,positive,10,75-100%,Только позитивный
20180901-180617_95_live,1,0.15,2,4,4,1,1,40.0,20.0,neutral,10,25-50%,Позитивный + Негативный
20180901-182115_809_live,1,1.0,1,2,7,1,1,70.0,10.0,positive,10,50-75%,Позитивный + Негативный
20180901-183912_261_live,0,0.0,2,4,5,1,1,45.45454545454545,18.181818181818183,positive,11,25-50%,Позитивный + Негативный
20180901-190207_933_live,0,0.0,1,8,1,1,1,10.0,10.0,neutral,10,0-25%,Позитивный + Негативный
20180901-191816_441_live,1,0.05,1,6,3,1,1,30.0,10.0,neutral,10,25-50%,Позитивный + Негативный
20180901-191837_893_live,1,1.0,1,4,5,1,1,50.0,10.0,positive,10,25-50%,Позитивный + Негативный
20180901-192142_112_live,1,0.5,0,4,6,0,1,60.0,0.0,positive,10,50-75%,Только позитивный
20180901-200737_151_live,0,0.0,3,2,5,1,1,50.0,30.0,positive,10,25-50%,Позитивный + Негативный
20180901-201717_518_live,1,1.0,0,4,7,0,1,63.63636363636363,0.0,positive,11,50-75%,Только позитивный
20180901-201904_88_live,1,0.25,0,5,5,0,1,50.0,0.0,neutral,10,25-50%,Только позитивный
20180901-212528_32_live,0,0.0,0,8,2,0,1,20.0,0.0,neutral,10,0-25%,Только позитивный
20180902-022448_481_live,1,0.2,0,6,4,0,1,40.0,0.0,neutral,10,25-50%,Только позитивный
20180902-040108_507_live,0,0.0,1,7,2,1,1,20.0,10.0,neutral,10,0-25%,Позитивный + Негативный
20180902-060425_57_live,1,1.0,1,3,6,1,1,60.0,10.0,positive,10,50-75%,Позитивный + Негативный
20180902-061808_400_live,1,1.0,0,4,6,0,1,60.0,0.0,positive,10,50-75%,Только позитивный
20180902-065004_63_live,1,0.75,0,2,8,0,1,80.0,0.0,positive,10,75-100%,Только позитивный
20180902-082304_216_live,1,0.25,4,4,2,1,1,20.0,40.0,neutral,10,0-25%,Позитивный + Негативный
20180902-082346_448_live,1,1.0,0,2,8,0,1,80.0,0.0,positive,10,75-100%,Только позитивный
20180902-084742_394_live,1,0.2,1,5,4,1,1,40.0,10.0,neutral,10,25-50%,Позитивный + Негативный
20180902-150252_344_live,1,0.3,2,3,7,1,1,58.333333333333336,16.666666666666664,positive,12,50-75%,Позитивный + Негативный
20180902-215344_542_live,1,2.0,0,4,6,0,1,60.0,0.0,positive,10,50-75%,Только позитивный
20180902-215438_58_live,0,0.0,3,7,2,1,1,16.666666666666664,25.0,neutral,12,0-25%,Позитивный + Негативный
20180902-220100_244_live,1,0.5,0,4,6,0,1,60.0,0.0,positive,10,50-75%,Только позитивный
20180902-220444_227_live,0,0.0,1,4,6,1,1,54.54545454545454,9.090909090909092,positive,11,50-75%,Позитивный + Негативный
20180902-220705_493_live,0,0.0,0,3,7,0,1,70.0,0.0,positive,10,50-75%,Только позитивный
20180902-221023_518_live,1,0.1,2,2,6,1,1,60.0,20.0,positive,10,50-75%,Позитивный + Негативный
20180902-222227_892_live,1,2.0,1,5,5,1,1,45.45454545454545,9.090909090909092,neutral,11,25-50%,Позитивный + Негативный
20180902-222301_80_live,1,0.3,1,4,5,1,1,50.0,10.0,positive,10,25-50%,Позитивный + Негативный
20180902-222414_572_live,1,2.0,0,6,4,0,1,40.0,0.0,neutral,10,25-50%,Только позитивный
20180902-222747_770_live,1,0.15,0,5,5,0,1,50.0,0.0,neutral,10,25-50%,Только позитивный
20180902-222850_306_live,0,0.0,0,4,6,0,1,60.0,0.0,positive,10,50-75%,Только позитивный
20180902-223320_635_live,1,2.0,3,3,5,1,1,45.45454545454545,27.27272727272727,positive,11,25-50%,Позитивный + Негативный
20180902-224713_959_live,1,0.25,0,1,9,0,1,90.0,0.0,positive,10,75-100%,Только позитивный
20180902-225626_63_live,1,2.0,0,4,7,0,1,63.63636363636363,0.0,positive,11,50-75%,Только позитивный
20180902-230004_696_live,0,0.0,0,6,4,0,1,40.0,0.0,neutral,10,25-50%,Только позитивный
20180902-230734_103_live,1,0.2,0,7,4,0,1,36.36363636363637,0.0,neutral,11,25-50%,Только позитивный
20180902-230929_507_live,1,0.19,0,3,7,0,1,70.0,0.0,positive,10,50-75%,Только позитивный
20180902-231056_734_live,1,0.1,2,8,0,1,0,0.0,20.0,neutral,10,,Только негативный
20180902-231121_694_live,1,0.25,1,4,5,1,1,50.0,10.0,positive,10,25-50%,Позитивный + Негативный
20180903-000031_632_live,0,0.0,1,8,1,1,1,10.0,10.0,neutral,10,0-25%,Позитивный + Негативный
20180903-004112_585_live,1,2.0,0,8,2,0,1,20.0,0.0,neutral,10,0-25%,Только позитивный
20180903-005045_964_live,0,0.0,0,4,6,0,1,60.0,0.0,positive,10,50-75%,Только позитивный
20180903-011326_133_live,1,1.0,1,1,8,1,1,80.0,10.0,positive,10,75-100%,Позитивный + Негативный
20180903-021912_147_live,0,0.0,0,5,5,0,1,50.0,0.0,neutral,10,25-50%,Только позитивный
20180903-042430_763_live,0,0.0,2,6,2,1,1,20.0,20.0,neutral,10,0-25%,Позитивный + Негативный
20180903-042451_245_live,0,0.0,1,4,5,1,1,50.0,10.0,positive,10,25-50%,Позитивный + Негативный
20180903-044446_477_live,0,0.0,2,2,6,1,1,60.0,20.0,positive,10,50-75%,Позитивный + Негативный
20180903-053722_705_live,0,0.0,1,5,4,1,1,40.0,10.0,neutral,10,25-50%,Позитивный + Негативный
20180903-062509_807_live,1,0.15,0,6,4,0,1,40.0,0.0,neutral,10,25-50%,Только позитивный
20180903-063835_981_live,0,0.0,2,8,0,1,0,0.0,20.0,neutral,10,,Только негативный
20180903-065008_728_live,1,1.0,2,5,4,1,1,36.36363636363637,18.181818181818183,neutral,11,25-50%,Позитивный + Негативный
20180903-070317_375_live,0,0.0,1,8,1,1,1,10.0,10.0,neutral,10,0-25%,Позитивный + Негативный
20180903-071928_910_live,0,0.0,2,4,4,1,1,40.0,20.0,neutral,10,25-50%,Позитивный + Негативный
20180903-073450_337_live,0,0.0,1,9,0,1,0,0.0,10.0,neutral,10,,Только негативный
20180903-074043_932_live,0,0.0,1,5,4,1,1,40.0,10.0,neutral,10,25-50%,Позитивный + Негативный
20180903-075401_529_live,0,0.0,0,6,4,0,1,40.0,0.0,neutral,10,25-50%,Только позитивный
20180903-080857_582_live,1,1.5,0,1,9,0,1,90.0,0.0,positive,10,75-100%,Только позитивный
20180903-081910_674_live,1,0.2,1,5,5,1,1,45.45454545454545,9.090909090909092,neutral,11,25-50%,Позитивный + Негативный
20180903-082331_337_live,0,0.0,0,5,5,0,1,50.0,0.0,neutral,10,25-50%,Только позитивный
20180903-082916_59_live,0,0.0,2,4,4,1,1,40.0,20.0,neutral,10,25-50%,Позитивный + Негативный
20180903-084303_89_live,1,2.0,2,1,7,1,1,70.0,20.0,positive,10,50-75%,Позитивный + Негативный
20180903-084513_458_live,1,1.0,0,5,5,0,1,50.0,0.0,neutral,10,25-50%,Только позитивный
20180903-084857_434_live,0,0.0,2,6,2,1,1,20.0,20.0,neutral,10,0-25%,Позитивный + Негативный
20180903-092132_700_live,0,0.0,4,6,0,1,0,0.0,40.0,neutral,10,,Только негативный
20180903-092419_214_live,0,0.0,0,3,8,0,1,72.72727272727273,0.0,positive,11,50-75%,Только позитивный
20180903-092432_430_live,0,0.0,1,7,2,1,1,20.0,10.0,neutral,10,0-25%,Позитивный + Негативный
20180903-092915_966_live,1,2.0,0,3,7,0,1,70.0,0.0,positive,10,50-75%,Только позитивный
20180903-093512_147_live,0,0.0,0,3,7,0,1,70.0,0.0,positive,10,50-75%,Только позитивный
20180903-094154_600_live,1,2.0,4,3,4,1,1,36.36363636363637,36.36363636363637,neutral,11,25-50%,Позитивный + Негативный
20180903-094216_793_live,1,1.0,0,3,7,0,1,70.0,0.0,positive,10,50-75%,Только позитивный
20180903-094545_472_live,0,0.0,3,7,0,1,0,0.0,30.0,neutral,10,,Только негативный
20180903-094620_889_live,0,0.0,0,2,8,0,1,80.0,0.0,positive,10,75-100%,Только позитивный
20180903-094939_651_live,0,0.0,0,5,6,0,1,54.54545454545454,0.0,positive,11,50-75%,Только позитивный
20180903-095231_898_live,0,0.0,0,9,1,0,1,10.0,0.0,neutral,10,0-25%,Только позитивный
20180903-102417_844_live,0,0.0,0,6,6,0,1,50.0,0.0,neutral,12,25-50%,Только позитивный
20180903-102457_108_live,0,0.0,2,4,4,1,1,40.0,20.0,neutral,10,25-50%,Позитивный + Негативный
20180903-103006_867_live,1,2.0,1,6,3,1,1,30.0,10.0,neutral,10,25-50%,Позитивный + Негативный
20180903-103052_41_live,0,0.0,0,6,5,0,1,45.45454545454545,0.0,neutral,11,25-50%,Только позитивный
20180903-103342_719_live,1,2.0,1,4,5,1,1,50.0,10.0,positive,10,25-50%,Позитивный + Негативный
20180903-103431_860_live,1,1.0,1,3,6,1,1,60.0,10.0,positive,10,50-75%,Позитивный + Негативный
20180903-103709_629_live,1,1.0,0,3,7,0,1,70.0,0.0,positive,10,50-75%,Только позитивный
20180903-103724_869_live,1,1.0,3,5,2,1,1,20.0,30.0,neutral,10,0-25%,Позитивный + Негативный
20180903-103835_253_live,0,0.0,2,2,6,1,1,60.0,20.0,positive,10,50-75%,Позитивный + Негативный
20180903-103906_732_live,0,0.0,2,5,3,1,1,30.0,20.0,neutral,10,25-50%,Позитивный + Негативный
20180903-103939_512_live,1,0.02,5,4,1,1,1,10.0,50.0,negative,10,0-25%,Позитивный + Негативный
20180903-104000_179_live,1,0.25,0,5,5,0,1,50.0,0.0,neutral,10,25-50%,Только позитивный
20180903-104032_620_live,0,0.0,2,6,2,1,1,20.0,20.0,neutral,10,0-25%,Позитивный + Негативный
20180903-104045_943_live,0,0.0,2,7,1,1,1,10.0,20.0,neutral,10,0-25%,Позитивный + Негативный
20180903-104450_565_live,1,0.3,0,6,4,0,1,40.0,0.0,neutral,10,25-50%,Только позитивный
20180903-105341_965_live,1,0.75,0,7,3,0,1,30.0,0.0,neutral,10,25-50%,Только позитивный
20180903-105517_696_live,0,0.0,2,7,1,1,1,10.0,20.0,neutral,10,0-25%,Позитивный + Негативный
20180903-105659_349_live,1,0.2,3,3,5,1,1,45.45454545454545,27.27272727272727,positive,11,25-50%,Позитивный + Негативный
20180903-111245_955_live,1,1.0,0,4,6,0,1,60.0,0.0,positive,10,50-75%,Только позитивный
20180903-111515_288_live,0,0.0,1,2,8,1,1,72.72727272727273,9.090909090909092,positive,11,50-75%,Позитивный + Негативный
20180903-111551_100_live,1,1.0,0,5,6,0,1,54.54545454545454,0.0,positive,11,50-75%,Только позитивный
20180903-111729_738_live,0,0.0,1,5,4,1,1,40.0,10.0,neutral,10,25-50%,Позитивный + Негативный
20180903-112829_648_live,1,0.5,0,5,5,0,1,50.0,0.0,neutral,10,25-50%,Только позитивный
20180903-131454_357_live,0,0.0,4,3,3,1,1,30.0,40.0,negative,10,25-50%,Позитивный + Негативный
20180903-131515_54_live,0,0.0,0,7,3,0,1,30.0,0.0,neutral,10,25-50%,Только позитивный
20180903-131642_76_live,1,1.0,0,4,6,0,1,60.0,0.0,positive,10,50-75%,Только позитивный
20180903-131723_996_live,1,0.3,0,5,5,0,1,50.0,0.0,neutral,10,25-50%,Только позитивный
20180903-132003_65_live,1,2.0,0,4,6,0,1,60.0,0.0,positive,10,50-75%,Только позитивный
20180903-132332_521_live,0,0.0,0,5,5,0,1,50.0,0.0,neutral,10,25-50%,Только позитивный
20180903-132951_967_live,0,0.0,1,4,5,1,1,50.0,10.0,positive,10,25-50%,Позитивный + Негативный
20180903-133419_244_live,1,0.1,1,3,6,1,1,60.0,10.0,positive,10,50-75%,Позитивный + Негативный
20180903-133523_829_live,0,0.0,1,7,2,1,1,20.0,10.0,neutral,10,0-25%,Позитивный + Негативный
20180903-133702_487_live,1,1.0,0,5,5,0,1,50.0,0.0,neutral,10,25-50%,Только позитивный
20180903-134122_237_live,1,0.2,2,5,3,1,1,30.0,20.0,neutral,10,25-50%,Позитивный + Негативный
20180903-134158_211_live,1,0.2,0,8,2,0,1,20.0,0.0,neutral,10,0-25%,Только позитивный
20180903-134529_203_live,1,1.5,0,5,5,0,1,50.0,0.0,neutral,10,25-50%,Только позитивный
20180903-134707_882_live,0,0.0,2,4,4,1,1,40.0,20.0,neutral,10,25-50%,Позитивный + Негативный
20180903-134712_199_live,0,0.0,1,2,7,1,1,70.0,10.0,positive,10,50-75%,Позитивный + Негативный
20180903-134944_967_live,1,0.75,0,5,5,0,1,50.0,0.0,neutral,10,25-50%,Только позитивный
20180903-135612_884_live,1,1.0,0,2,8,0,1,80.0,0.0,positive,10,75-100%,Только позитивный
20180903-135757_484_live,0,0.0,1,4,5,1,1,50.0,10.0,positive,10,25-50%,Позитивный + Негативный
20180903-140519_57_live,0,0.0,1,8,1,1,1,10.0,10.0,neutral,10,0-25%,Позитивный + Негативный
20180903-140534_880_live,1,0.2,0,4,6,0,1,60.0,0.0,positive,10,50-75%,Только позитивный
20180903-140656_582_live,1,2.0,0,2,8,0,1,80.0,0.0,positive,10,75-100%,Только позитивный
20180903-140806_586_live,1,0.3,0,2,8,0,1,80.0,0.0,positive,10,75-100%,Только позитивный
20180903-141235_817_live,1,0.5,0,4,6,0,1,60.0,0.0,positive,10,50-75%,Только позитивный
20180903-141258_428_live,1,2.0,0,8,3,0,1,27.27272727272727,0.0,neutral,11,25-50%,Только позитивный
20180903-141447_736_live,1,0.5,1,4,5,1,1,50.0,10.0,positive,10,25-50%,Позитивный + Негативный
20180903-141538_396_live,0,0.0,5,4,1,1,1,10.0,50.0,negative,10,0-25%,Позитивный + Негативный
20180903-142445_603_live,1,0.5,0,5,6,0,1,54.54545454545454,0.0,positive,11,50-75%,Только позитивный
20180903-143255_501_live,0,0.0,1,5,4,1,1,40.0,10.0,neutral,10,25-50%,Позитивный + Негативный
20180903-143317_526_live,1,1.0,0,1,9,0,1,90.0,0.0,positive,10,75-100%,Только позитивный
20180903-143428_485_live,1,0.2,0,5,6,0,1,54.54545454545454,0.0,positive,11,50-75%,Только позитивный
20180903-144015_197_live,0,0.0,1,9,0,1,0,0.0,10.0,neutral,10,,Только негативный
20180903-145230_643_live,1,1.0,0,7,3,0,1,30.0,0.0,neutral,10,25-50%,Только позитивный
20180903-145341_70_live,1,2.0,0,4,6,0,1,60.0,0.0,positive,10,50-75%,Только позитивный
20180903-145436_470_live,0,0.0,1,5,4,1,1,40.0,10.0,neutral,10,25-50%,Позитивный + Негативный
20180903-150559_933_live,0,0.0,4,6,0,1,0,0.0,40.0,neutral,10,,Только негативный
20180903-151450_30_live,0,0.0,3,7,2,1,1,16.666666666666664,25.0,neutral,12,0-25%,Позитивный + Негативный
20180903-152518_191_live,0,0.0,2,2,6,1,1,60.0,20.0,positive,10,50-75%,Позитивный + Негативный
20180903-152549_306_live,1,0.03,1,6,3,1,1,30.0,10.0,neutral,10,25-50%,Позитивный + Негативный
20180903-153105_741_live,1,0.5,1,3,6,1,1,60.0,10.0,positive,10,50-75%,Позитивный + Негативный
20180903-153530_52_live,0,0.0,2,4,4,1,1,40.0,20.0,neutral,10,25-50%,Позитивный + Негативный
20180903-154704_839_live,0,0.0,0,4,6,0,1,60.0,0.0,positive,10,50-75%,Только позитивный
20180903-154729_573_live,0,0.0,1,5,4,1,1,40.0,10.0,neutral,10,25-50%,Позитивный + Негативный
20180903-155038_7_live,1,1.0,0,1,9,0,1,90.0,0.0,positive,10,75-100%,Только позитивный
20180903-155307_620_live,1,0.1,0,6,4,0,1,40.0,0.0,neutral,10,25-50%,Только позитивный
20180903-155854_148_live,1,1.0,0,6,4,0,1,40.0,0.0,neutral,10,25-50%,Только позитивный
20180903-155911_448_live,1,1.0,1,0,9,1,1,90.0,10.0,positive,10,75-100%,Позитивный + Негативный
20180903-160514_498_live,1,0.01,1,8,3,1,1,25.0,8.333333333333332,neutral,12,0-25%,Позитивный + Негативный
20180903-160552_207_live,1,0.03,0,7,3,0,1,30.0,0.0,neutral,10,25-50%,Только позитивный
20180903-162604_585_live,1,1.5,0,1,9,0,1,90.0,0.0,positive,10,75-100%,Только позитивный
20180903-163331_887_live,1,2.0,0,2,8,0,1,80.0,0.0,positive,10,75-100%,Только позитивный
20180903-163912_368_live,0,0.0,2,6,2,1,1,20.0,20.0,neutral,10,0-25%,Позитивный + Негативный
20180903-164113_982_live,1,1.0,0,9,2,0,1,18.181818181818183,0.0,neutral,11,0-25%,Только позитивный
20180903-164852_724_live,1,0.1,1,6,3,1,1,30.0,10.0,neutral,10,25-50%,Позитивный + Негативный
20180903-165121_48_live,1,0.7,1,4,5,1,1,50.0,10.0,positive,10,25-50%,Позитивный + Негативный
20180903-165314_834_live,1,0.5,0,6,4,0,1,40.0,0.0,neutral,10,25-50%,Только позитивный
20180903-165655_280_live,1,0.2,0,8,2,0,1,20.0,0.0,neutral,10,0-25%,Только позитивный
20180903-165804_344_live,0,0.0,8,2,0,1,0,0.0,80.0,negative,10,,Только негативный
20180903-165930_826_live,1,0.5,0,6,4,0,1,40.0,0.0,neutral,10,25-50%,Только позитивный
20180903-165952_124_live,0,0.0,0,4,6,0,1,60.0,0.0,positive,10,50-75%,Только позитивный
20180903-170041_976_live,0,0.0,0,3,7,0,1,70.0,0.0,positive,10,50-75%,Только позитивный
20180903-170455_801_live,1,1.0,0,3,7,0,1,70.0,0.0,positive,10,50-75%,Только позитивный
20180903-171103_980_live,0,0.0,3,7,1,1,1,9.090909090909092,27.27272727272727,neutral,11,0-25%,Позитивный + Негативный
20180903-171704_760_live,1,1.0,0,10,1,0,1,9.090909090909092,0.0,neutral,11,0-25%,Только позитивный
20180903-172009_84_live,0,0.0,0,6,4,0,1,40.0,0.0,neutral,10,25-50%,Только позитивный
20180903-172112_282_live,0,0.0,0,4,6,0,1,60.0,0.0,positive,10,50-75%,Только позитивный
20180903-172533_130_live,0,0.0,1,5,4,1,1,40.0,10.0,neutral,10,25-50%,Позитивный + Негативный
20180903-173114_499_live,1,0.3,0,2,8,0,1,80.0,0.0,positive,10,75-100%,Только позитивный
20180903-173808_744_live,0,0.0,3,7,0,1,0,0.0,30.0,neutral,10,,Только негативный
20180903-173912_750_live,1,1.7,0,1,9,0,1,90.0,0.0,positive,10,75-100%,Только позитивный
20180903-175250_880_live,1,0.75,0,4,6,0,1,60.0,0.0,positive,10,50-75%,Только позитивный
20180903-181230_303_live,1,0.5,1,5,4,1,1,40.0,10.0,neutral,10,25-50%,Позитивный + Негативный
20180903-181838_910_live,0,0.0,0,6,4,0,1,40.0,0.0,neutral,10,25-50%,Только позитивный
20180903-184438_57_live,1,2.0,0,6,4,0,1,40.0,0.0,neutral,10,25-50%,Только позитивный
20180903-184453_829_live,1,2.0,1,1,8,1,1,80.0,10.0,positive,10,75-100%,Позитивный + Негативный
20180903-185128_189_live,0,0.0,0,6,4,0,1,40.0,0.0,neutral,10,25-50%,Только позитивный
20180903-192449_648_live,1,0.2,0,7,3,0,1,30.0,0.0,neutral,10,25-50%,Только позитивный
20180903-192755_517_live,1,0.5,0,2,9,0,1,81.81818181818183,0.0,positive,11,75-100%,Только позитивный
20180903-193748_318_live,0,0.0,0,6,4,0,1,40.0,0.0,neutral,10,25-50%,Только позитивный
20180903-194245_441_live,0,0.0,0,8,2,0,1,20.0,0.0,neutral,10,0-25%,Только позитивный
20180903-194345_741_live,0,0.0,0,3,7,0,1,70.0,0.0,positive,10,50-75%,Только позитивный
20180903-194537_111_live,1,0.5,1,4,5,1,1,50.0,10.0,positive,10,25-50%,Позитивный + Негативный
20180903-194720_581_live,1,1.0,0,5,5,0,1,50.0,0.0,neutral,10,25-50%,Только позитивный
20180903-195933_536_live,1,1.0,0,3,7,0,1,70.0,0.0,positive,10,50-75%,Только позитивный
20180903-203212_312_live,1,0.4,1,2,7,1,1,70.0,10.0,positive,10,50-75%,Позитивный + Негативный
20180903-212834_390_live,1,2.0,3,4,4,1,1,36.36363636363637,27.27272727272727,neutral,11,25-50%,Позитивный + Негативный
20180903-213644_620_live,1,2.0,0,5,5,0,1,50.0,0.0,neutral,10,25-50%,Только позитивный
20180903-214235_952_live,1,0.2,0,5,6,0,1,54.54545454545454,0.0,positive,11,50-75%,Только позитивный
20180903-215035_42_live,0,0.0,0,6,4,0,1,40.0,0.0,neutral,10,25-50%,Только позитивный
20180903-221028_490_live,1,2.0,0,3,8,0,1,72.72727272727273,0.0,positive,11,50-75%,Только позитивный
20180903-224911_659_live,1,1.0,1,3,6,1,1,60.0,10.0,positive,10,50-75%,Позитивный + Негативный
20180903-225340_198_live,0,0.0,3,3,4,1,1,40.0,30.0,positive,10,25-50%,Позитивный + Негативный
20180903-231131_77_live,0,0.0,0,5,5,0,1,50.0,0.0,neutral,10,25-50%,Только позитивный
20180903-233729_555_live,1,1.0,0,9,1,0,1,10.0,0.0,neutral,10,0-25%,Только позитивный
20180903-235246_719_live,1,0.5,0,4,6,0,1,60.0,0.0,positive,10,50-75%,Только позитивный
20180903-235644_695_live,1,1.0,0,3,10,0,1,76.92307692307693,0.0,positive,13,75-100%,Только позитивный
20180904-001208_706_live,1,1.0,0,7,3,0,1,30.0,0.0,neutral,10,25-50%,Только позитивный
20180904-004818_580_live,1,0.25,1,2,7,1,1,70.0,10.0,positive,10,50-75%,Позитивный + Негативный
20180904-012448_306_live,1,0.1,5,4,1,1,1,10.0,50.0,negative,10,0-25%,Позитивный + Негативный
20180904-012828_299_live,0,0.0,0,5,5,0,1,50.0,0.0,neutral,10,25-50%,Только позитивный
20180904-024226_703_live,1,0.05,1,6,3,1,1,30.0,10.0,neutral,10,25-50%,Позитивный + Негативный
20180904-025026_901_live,1,0.3,0,4,6,0,1,60.0,0.0,positive,10,50-75%,Только позитивный
20180904-030739_178_live,0,0.0,0,6,4,0,1,40.0,0.0,neutral,10,25-50%,Только позитивный
20180904-032932_423_live,1,1.0,0,6,4,0,1,40.0,0.0,neutral,10,25-50%,Только позитивный
20180904-043300_214_live,0,0.0,1,6,3,1,1,30.0,10.0,neutral,10,25-50%,Позитивный + Негативный
20180904-045349_715_live,0,0.0,1,6,3,1,1,30.0,10.0,neutral,10,25-50%,Позитивный + Негативный
20180904-050435_387_live,0,0.0,0,7,4,0,1,36.36363636363637,0.0,neutral,11,25-50%,Только позитивный
20180904-051519_852_live,1,0.5,0,2,8,0,1,80.0,0.0,positive,10,75-100%,Только позитивный
20180904-052026_52_live,1,1.5,0,3,8,0,1,72.72727272727273,0.0,positive,11,50-75%,Только позитивный
20180904-053728_415_live,1,0.5,0,0,10,0,1,100.0,0.0,positive,10,75-100%,Только позитивный
20180904-054911_684_live,1,0.1,0,4,6,0,1,60.0,0.0,positive,10,50-75%,Только позитивный
20180904-055231_835_live,1,2.0,0,3,7,0,1,70.0,0.0,positive,10,50-75%,Только позитивный
20180904-060802_653_live,1,1.0,2,3,5,1,1,50.0,20.0,positive,10,25-50%,Позитивный + Негативный
20180904-062111_628_live,0,0.0,0,9,1,0,1,10.0,0.0,neutral,10,0-25%,Только позитивный
20180904-064114_258_live,0,0.0,2,6,2,1,1,20.0,20.0,neutral,10,0-25%,Позитивный + Негативный
20180904-065729_541_live,1,2.0,0,6,4,0,1,40.0,0.0,neutral,10,25-50%,Только позитивный
20180904-073348_848_live,0,0.0,1,4,5,1,1,50.0,10.0,positive,10,25-50%,Позитивный + Негативный
20180904-073734_888_live,0,0.0,0,4,6,0,1,60.0,0.0,positive,10,50-75%,Только позитивный
20180904-075212_668_live,1,2.0,2,3,5,1,1,50.0,20.0,positive,10,25-50%,Позитивный + Негативный
20180904-080304_646_live,0,0.0,0,0,10,0,1,100.0,0.0,positive,10,75-100%,Только позитивный
20180904-082430_252_live,0,0.0,1,6,3,1,1,30.0,10.0,neutral,10,25-50%,Позитивный + Негативный
20180904-083727_564_live,1,0.25,1,3,7,1,1,63.63636363636363,9.090909090909092,positive,11,50-75%,Позитивный + Негативный
20180904-090242_588_live,1,0.2,0,5,6,0,1,54.54545454545454,0.0,positive,11,50-75%,Только позитивный
20180904-090422_355_live,1,1.0,1,2,7,1,1,70.0,10.0,positive,10,50-75%,Позитивный + Негативный
20180904-091237_363_live,1,0.75,0,2,8,0,1,80.0,0.0,positive,10,75-100%,Только позитивный
20180904-093015_67_live,0,0.0,0,3,7,0,1,70.0,0.0,positive,10,50-75%,Только позитивный
20180904-100019_870_live,0,0.0,0,4,6,0,1,60.0,0.0,positive,10,50-75%,Только позитивный
20180904-102547_933_live,1,1.0,0,6,5,0,1,45.45454545454545,0.0,neutral,11,25-50%,Только позитивный
20180904-110536_308_live,1,2.0,0,5,6,0,1,54.54545454545454,0.0,positive,11,50-75%,Только позитивный
20180904-133536_2_live,1,0.15,0,5,5,0,1,50.0,0.0,neutral,10,25-50%,Только позитивный
20180904-135050_839_live,0,0.0,0,5,5,0,1,50.0,0.0,neutral,10,25-50%,Только позитивный
20180904-151308_935_live,1,1.0,0,4,6,0,1,60.0,0.0,positive,10,50-75%,Только позитивный
20180904-151613_546_live,0,0.0,4,7,0,1,0,0.0,36.36363636363637,neutral,11,,Только негативный
20180904-151909_144_live,1,0.1,1,5,4,1,1,40.0,10.0,neutral,10,25-50%,Позитивный + Негативный
20180904-152255_763_live,1,0.75,0,3,7,0,1,70.0,0.0,positive,10,50-75%,Только позитивный
20180904-152519_728_live,1,0.3,0,2,9,0,1,81.81818181818183,0.0,positive,11,75-100%,Только позитивный
20180904-153333_396_live,0,0.0,1,5,4,1,1,40.0,10.0,neutral,10,25-50%,Позитивный + Негативный
20180904-153641_72_live,1,0.2,0,7,4,0,1,36.36363636363637,0.0,neutral,11,25-50%,Только позитивный
20180904-154223_473_live,1,0.1,3,4,3,1,1,30.0,30.0,neutral,10,25-50%,Позитивный + Негативный
20180904-154250_98_live,1,2.0,0,2,8,0,1,80.0,0.0,positive,10,75-100%,Только позитивный
BAD_20180807-204848_414_live,1,50.0,2,6,2,1,1,20.0,20.0,neutral,10,0-25%,Позитивный + Негативный
BAD_20180808-034739_90_live,0,0.0,0,6,4,0,1,40.0,0.0,neutral,10,25-50%,Только позитивный
BAD_20180808-041018_801_live,1,25.0,0,5,5,0,1,50.0,0.0,neutral,10,25-50%,Только позитивный
BAD_20180808-043616_523_live,0,0.0,1,2,7,1,1,70.0,10.0,positive,10,50-75%,Позитивный + Негативный
BAD_20180808-044211_897_live,0,0.0,2,5,3,1,1,30.0,20.0,neutral,10,25-50%,Позитивный + Негативный
BAD_20180808-050547_490_live,0,0.0,0,5,5,0,1,50.0,0.0,neutral,10,25-50%,Только позитивный
BAD_20180808-054855_138_live,0,0.0,1,4,5,1,1,50.0,10.0,positive,10,25-50%,Позитивный + Негативный
BAD_20180808-061511_890_live,0,0.0,0,9,1,0,1,10.0,0.0,neutral,10,0-25%,Только позитивный
BAD_20180824-020444_983_live,0,0.0,3,4,3,1,1,30.0,30.0,neutral,10,25-50%,Позитивный + Негативный
BAD_20180827-011458_738_live,1,50.0,0,8,2,0,1,20.0,0.0,neutral,10,0-25%,Только позитивный
BAD_20180827-011514_576_live,0,0.0,0,6,4,0,1,40.0,0.0,neutral,10,25-50%,Только позитивный
BAD_20180827-013600_477_live,0,0.0,0,3,7,0,1,70.0,0.0,positive,10,50-75%,Только позитивный
BAD_20180827-013921_398_live,1,50.0,0,6,4,0,1,40.0,0.0,neutral,10,25-50%,Только позитивный
BAD_20180827-014220_596_live,1,1.0,0,8,2,0,1,20.0,0.0,neutral,10,0-25%,Только позитивный
BAD_20180827-014924_437_live,0,0.0,0,3,0,0,0,0.0,0.0,neutral,3,,Только нейтральный
BAD_20180827-020310_987_live,1,1.0,0,8,2,0,1,20.0,0.0,neutral,10,0-25%,Только позитивный
BAD_20180827-020402_248_live,1,10.0,0,9,1,0,1,10.0,0.0,neutral,10,0-25%,Только позитивный
BAD_20180827-025526_603_live,1,1.0,0,8,2,0,1,20.0,0.0,neutral,10,0-25%,Только позитивный
BAD_20180827-025716_257_live,1,50.0,0,5,5,0,1,50.0,0.0,neutral,10,25-50%,Только позитивный
BAD_20180827-031024_82_live,1,50.0,0,8,2,0,1,20.0,0.0,neutral,10,0-25%,Только позитивный
BAD_20180827-032414_31_live,1,1.0,0,7,3,0,1,30.0,0.0,neutral,10,25-50%,Только позитивный
BAD_20180827-034337_71_live,1,50.0,0,7,3,0,1,30.0,0.0,neutral,10,25-50%,Только позитивный
BAD_20180827-035930_165_live,1,3.0,0,6,4,0,1,40.0,0.0,neutral,10,25-50%,Только позитивный
BAD_20180827-041405_104_live,1,1.0,0,7,3,0,1,30.0,0.0,neutral,10,25-50%,Только позитивный
BAD_20180827-042633_370_live,1,1.0,0,6,4,0,1,40.0,0.0,neutral,10,25-50%,Только позитивный
BAD_20180827-043450_786_live,1,20.0,0,6,4,0,1,40.0,0.0,neutral,10,25-50%,Только позитивный
BAD_20180827-062539_765_live,1,5.0,0,6,4,0,1,40.0,0.0,neutral,10,25-50%,Только позитивный
